{
"type": "FeatureCollection",
"name": "buildings",
"crs": { "type": "name", "properties": { "name": "urn:ogc:def:crs:OGC:1.3:CRS84" } },
"features": [
{ "type": "Feature", "properties": { "roof_area_m2": 2451.0, "height_m": 5.6, "building": "residential" }, "geometry": { "type": "Polygon", "coordinates": [ [ [ 150.982506559451082, -33.828 ], [ 150.982506559451082, -33.827528799723936 ], [ 150.982, -33.827528799723936 ], [ 150.982, -33.828 ], [ 150.982506559451082, -33.828 ] ] ] } },
{ "type": "Feature", "properties": { "roof_area_m2": 1913.7, "height_m": 8.4, "building": "residential" }, "geometry": { "type": "Polygon", "coordinates": [ [ [ 150.982368608662483, -33.8265 ], [ 150.982368608662483, -33.825994416905488 ], [ 150.982, -33.825994416905488 ], [ 150.982, -33.8265 ], [ 150.982368608662483, -33.8265 ] ] ] } },
{ "type": "Feature", "properties": { "roof_area_m2": 2466.4, "height_m": 8.0, "building": "residential" }, "geometry": { "type": "Polygon", "coordinates": [ [ [ 150.982422786487859, -33.825 ], [ 150.982422786487859, -33.824431916076094 ], [ 150.982, -33.824431916076094 ], [ 150.982, -33.825 ], [ 150.982422786487859, -33.825 ] ] ] } },
{ "type": "Feature", "properties": { "roof_area_m2": 1800.2, "height_m": 6.7, "building": "residential" }, "geometry": { "type": "Polygon", "coordinates": [ [ [ 150.982375975581675, -33.8235 ], [ 150.982375975581675, -33.82303373172266 ], [ 150.982, -33.82303373172266 ], [ 150.982, -33.8235 ], [ 150.982375975581675, -33.8235 ] ] ] } },
{ "type": "Feature", "properties": { "roof_area_m2": 2050.5, "height_m": 8.9, "building": "residential" }, "geometry": { "type": "Polygon", "coordinates": [ [ [ 150.98237275696107, -33.822 ], [ 150.98237275696107, -33.821464319471438 ], [ 150.982, -33.821464319471438 ], [ 150.982, -33.822 ], [ 150.98237275696107, -33.822 ] ] ] } },
{ "type": "Feature", "properties": { "roof_area_m2": 1311.7, "height_m": 7.6, "building": "residential" }, "geometry": { "type": "Polygon", "coordinates": [ [ [ 150.982392941464724, -33.8205 ], [ 150.982392941464724, -33.820174931569895 ], [ 150.982, -33.820174931569895 ], [ 150.982, -33.8205 ], [ 150.982392941464724, -33.8205 ] ] ] } },
{ "type": "Feature", "properties": { "roof_area_m2": 2326.1, "height_m": 7.9, "building": "residential" }, "geometry": { "type": "Polygon", "coordinates": [ [ [ 150.982591597102925, -33.819 ], [ 150.982591597102925, -33.818617128351448 ], [ 150.982, -33.818617128351448 ], [ 150.982, -33.819 ], [ 150.982591597102925, -33.819 ] ] ] } },
{ "type": "Feature", "properties": { "roof_area_m2": 1638.2, "height_m": 6.0, "building": "residential" }, "geometry": { "type": "Polygon", "coordinates": [ [ [ 150.98250714698969, -33.8175 ], [ 150.98250714698969, -33.817185454638768 ], [ 150.982, -33.817185454638768 ], [ 150.982, -33.8175 ], [ 150.98250714698969, -33.8175 ] ] ] } },
{ "type": "Feature", "properties": { "roof_area_m2": 2302.9, "height_m": 7.3, "building": "residential" }, "geometry": { "type": "Polygon", "coordinates": [ [ [ 150.982374786970468, -33.816 ], [ 150.982374786970468, -33.81540170462965 ], [ 150.982, -33.81540170462965 ], [ 150.982, -33.816 ], [ 150.982374786970468, -33.816 ] ] ] } },
{ "type": "Feature", "properties": { "roof_area_m2": 2841.0, "height_m": 7.4, "building": "residential" }, "geometry": { "type": "Polygon", "coordinates": [ [ [ 150.982531515814202, -33.8145 ], [ 150.982531515814202, -33.813979554282511 ], [ 150.982, -33.813979554282511 ], [ 150.982, -33.8145 ], [ 150.982531515814202, -33.8145 ] ] ] } },
{ "type": "Feature", "properties": { "roof_area_m2": 3705.7, "height_m": 6.9, "building": "residential" }, "geometry": { "type": "Polygon", "coordinates": [ [ [ 150.98266526142308, -33.813 ], [ 150.98266526142308, -33.8124576239547 ], [ 150.982, -33.8124576239547 ], [ 150.982, -33.813 ], [ 150.98266526142308, -33.813 ] ] ] } },
{ "type": "Feature", "properties": { "roof_area_m2": 2664.9, "height_m": 6.7, "building": "residential" }, "geometry": { "type": "Polygon", "coordinates": [ [ [ 150.982442889737115, -33.8115 ], [ 150.982442889737115, -33.810914136985581 ], [ 150.982, -33.810914136985581 ], [ 150.982, -33.8115 ], [ 150.982442889737115, -33.8115 ] ] ] } },
{ "type": "Feature", "properties": { "roof_area_m2": 3643.3, "height_m": 7.4, "building": "residential" }, "geometry": { "type": "Polygon", "coordinates": [ [ [ 150.982646039926522, -33.81 ], [ 150.982646039926522, -33.809450916686338 ], [ 150.982, -33.809450916686338 ], [ 150.982, -33.81 ], [ 150.982646039926522, -33.81 ] ] ] } },
{ "type": "Feature", "properties": { "roof_area_m2": 2261.6, "height_m": 5.9, "building": "residential" }, "geometry": { "type": "Polygon", "coordinates": [ [ [ 150.982668987749037, -33.8085 ], [ 150.982668987749037, -33.808170856056066 ], [ 150.982, -33.808170856056066 ], [ 150.982, -33.8085 ], [ 150.982668987749037, -33.8085 ] ] ] } },
{ "type": "Feature", "properties": { "roof_area_m2": 3382.1, "height_m": 6.1, "building": "residential" }, "geometry": { "type": "Polygon", "coordinates": [ [ [ 150.98258060291829, -33.807 ], [ 150.98258060291829, -33.806432856039258 ], [ 150.982, -33.806432856039258 ], [ 150.982, -33.807 ], [ 150.98258060291829, -33.807 ] ] ] } },
{ "type": "Feature", "properties": { "roof_area_m2": 2114.1, "height_m": 6.1, "building": "residential" }, "geometry": { "type": "Polygon", "coordinates": [ [ [ 150.982410229017944, -33.8055 ], [ 150.982410229017944, -33.804998252541097 ], [ 150.982, -33.804998252541097 ], [ 150.982, -33.8055 ], [ 150.982410229017944, -33.8055 ] ] ] } },
{ "type": "Feature", "properties": { "roof_area_m2": 2661.2, "height_m": 7.9, "building": "residential" }, "geometry": { "type": "Polygon", "coordinates": [ [ [ 150.982580548454649, -33.804 ], [ 150.982580548454649, -33.803553709433331 ], [ 150.982, -33.803553709433331 ], [ 150.982, -33.804 ], [ 150.982580548454649, -33.804 ] ] ] } },
{ "type": "Feature", "properties": { "roof_area_m2": 1635.3, "height_m": 6.3, "building": "residential" }, "geometry": { "type": "Polygon", "coordinates": [ [ [ 150.982508619276928, -33.8025 ], [ 150.982508619276928, -33.802186980991664 ], [ 150.982, -33.802186980991664 ], [ 150.982, -33.8025 ], [ 150.982508619276928, -33.8025 ] ] ] } },
{ "type": "Feature", "properties": { "roof_area_m2": 1829.6, "height_m": 7.3, "building": "residential" }, "geometry": { "type": "Polygon", "coordinates": [ [ [ 150.984330082034745, -33.828 ], [ 150.984330082034745, -33.827663869901954 ], [ 150.9838, -33.827663869901954 ], [ 150.9838, -33.828 ], [ 150.984330082034745, -33.828 ] ] ] } },
{ "type": "Feature", "properties": { "roof_area_m2": 1152.0, "height_m": 6.1, "building": "residential" }, "geometry": { "type": "Polygon", "coordinates": [ [ [ 150.984155203827299, -33.8265 ], [ 150.984155203827299, -33.826184157479666 ], [ 150.9838, -33.826184157479666 ], [ 150.9838, -33.8265 ], [ 150.984155203827299, -33.8265 ] ] ] } },
{ "type": "Feature", "properties": { "roof_area_m2": 2758.8, "height_m": 8.8, "building": "residential" }, "geometry": { "type": "Polygon", "coordinates": [ [ [ 150.984276947252596, -33.825 ], [ 150.984276947252596, -33.824436723802606 ], [ 150.9838, -33.824436723802606 ], [ 150.9838, -33.825 ], [ 150.984276947252596, -33.825 ] ] ] } },
{ "type": "Feature", "properties": { "roof_area_m2": 2211.3, "height_m": 7.7, "building": "residential" }, "geometry": { "type": "Polygon", "coordinates": [ [ [ 150.984291266966721, -33.8235 ], [ 150.984291266966721, -33.823061664197311 ], [ 150.9838, -33.823061664197311 ], [ 150.9838, -33.8235 ], [ 150.984291266966721, -33.8235 ] ] ] } },
{ "type": "Feature", "properties": { "roof_area_m2": 1479.9, "height_m": 5.7, "building": "residential" }, "geometry": { "type": "Polygon", "coordinates": [ [ [ 150.984229843198591, -33.822 ], [ 150.984229843198591, -33.821664726572088 ], [ 150.9838, -33.821664726572088 ], [ 150.9838, -33.822 ], [ 150.984229843198591, -33.822 ] ] ] } },
{ "type": "Feature", "properties": { "roof_area_m2": 3099.1, "height_m": 7.8, "building": "residential" }, "geometry": { "type": "Polygon", "coordinates": [ [ [ 150.984355063461123, -33.8205 ], [ 150.984355063461123, -33.819956320231519 ], [ 150.9838, -33.819956320231519 ], [ 150.9838, -33.8205 ], [ 150.984355063461123, -33.8205 ] ] ] } },
{ "type": "Feature", "properties": { "roof_area_m2": 2460.9, "height_m": 7.8, "building": "residential" }, "geometry": { "type": "Polygon", "coordinates": [ [ [ 150.984360707081379, -33.819 ], [ 150.984360707081379, -33.818572629316925 ], [ 150.9838, -33.818572629316925 ], [ 150.9838, -33.819 ], [ 150.984360707081379, -33.819 ] ] ] } },
{ "type": "Feature", "properties": { "roof_area_m2": 1962.1, "height_m": 7.4, "building": "residential" }, "geometry": { "type": "Polygon", "coordinates": [ [ [ 150.984183664599556, -33.8175 ], [ 150.984183664599556, -33.817002022644338 ], [ 150.9838, -33.817002022644338 ], [ 150.9838, -33.8175 ], [ 150.984183664599556, -33.8175 ] ] ] } },
{ "type": "Feature", "properties": { "roof_area_m2": 2019.9, "height_m": 8.2, "building": "residential" }, "geometry": { "type": "Polygon", "coordinates": [ [ [ 150.984399408147937, -33.816 ], [ 150.984399408147937, -33.815671872943234 ], [ 150.9838, -33.815671872943234 ], [ 150.9838, -33.816 ], [ 150.984399408147937, -33.816 ] ] ] } },
{ "type": "Feature", "properties": { "roof_area_m2": 3002.4, "height_m": 7.2, "building": "residential" }, "geometry": { "type": "Polygon", "coordinates": [ [ [ 150.984374896815041, -33.8145 ], [ 150.984374896815041, -33.813991476451044 ], [ 150.9838, -33.813991476451044 ], [ 150.9838, -33.8145 ], [ 150.984374896815041, -33.8145 ] ] ] } },
{ "type": "Feature", "properties": { "roof_area_m2": 2559.2, "height_m": 6.5, "building": "residential" }, "geometry": { "type": "Polygon", "coordinates": [ [ [ 150.984490144450803, -33.813 ], [ 150.984490144450803, -33.812638941713814 ], [ 150.9838, -33.812638941713814 ], [ 150.9838, -33.813 ], [ 150.984490144450803, -33.813 ] ] ] } },
{ "type": "Feature", "properties": { "roof_area_m2": 1263.0, "height_m": 8.7, "building": "residential" }, "geometry": { "type": "Polygon", "coordinates": [ [ [ 150.984191062357127, -33.8115 ], [ 150.984191062357127, -33.811185549334361 ], [ 150.9838, -33.811185549334361 ], [ 150.9838, -33.8115 ], [ 150.984191062357127, -33.8115 ] ] ] } },
{ "type": "Feature", "properties": { "roof_area_m2": 1644.3, "height_m": 7.7, "building": "residential" }, "geometry": { "type": "Polygon", "coordinates": [ [ [ 150.984132041415478, -33.81 ], [ 150.984132041415478, -33.809517835118463 ], [ 150.9838, -33.809517835118463 ], [ 150.9838, -33.81 ], [ 150.984132041415478, -33.81 ] ] ] } },
{ "type": "Feature", "properties": { "roof_area_m2": 1408.6, "height_m": 8.4, "building": "residential" }, "geometry": { "type": "Polygon", "coordinates": [ [ [ 150.984251176772773, -33.8085 ], [ 150.984251176772773, -33.808196027696667 ], [ 150.9838, -33.808196027696667 ], [ 150.9838, -33.8085 ], [ 150.984251176772773, -33.8085 ] ] ] } },
{ "type": "Feature", "properties": { "roof_area_m2": 2170.5, "height_m": 8.0, "building": "residential" }, "geometry": { "type": "Polygon", "coordinates": [ [ [ 150.984253975098426, -33.807 ], [ 150.984253975098426, -33.806534500246471 ], [ 150.9838, -33.806534500246471 ], [ 150.9838, -33.807 ], [ 150.984253975098426, -33.807 ] ] ] } },
{ "type": "Feature", "properties": { "roof_area_m2": 2976.9, "height_m": 6.7, "building": "residential" }, "geometry": { "type": "Polygon", "coordinates": [ [ [ 150.984370111540301, -33.8055 ], [ 150.984370111540301, -33.804991630600561 ], [ 150.9838, -33.804991630600561 ], [ 150.9838, -33.8055 ], [ 150.984370111540301, -33.8055 ] ] ] } },
{ "type": "Feature", "properties": { "roof_area_m2": 1776.3, "height_m": 8.9, "building": "residential" }, "geometry": { "type": "Polygon", "coordinates": [ [ [ 150.984264956225473, -33.804 ], [ 150.984264956225473, -33.803628062710331 ], [ 150.9838, -33.803628062710331 ], [ 150.9838, -33.804 ], [ 150.984264956225473, -33.804 ] ] ] } },
{ "type": "Feature", "properties": { "roof_area_m2": 1468.7, "height_m": 6.0, "building": "residential" }, "geometry": { "type": "Polygon", "coordinates": [ [ [ 150.984215422803061, -33.8025 ], [ 150.984215422803061, -33.80215580651619 ], [ 150.9838, -33.80215580651619 ], [ 150.9838, -33.8025 ], [ 150.984215422803061, -33.8025 ] ] ] } },
{ "type": "Feature", "properties": { "roof_area_m2": 2821.0, "height_m": 8.1, "building": "residential" }, "geometry": { "type": "Polygon", "coordinates": [ [ [ 150.986277622420204, -33.828 ], [ 150.986277622420204, -33.827594569720645 ], [ 150.9856, -33.827594569720645 ], [ 150.9856, -33.828 ], [ 150.986277622420204, -33.828 ] ] ] } },
{ "type": "Feature", "properties": { "roof_area_m2": 3487.5, "height_m": 6.9, "building": "residential" }, "geometry": { "type": "Polygon", "coordinates": [ [ [ 150.986265555810718, -33.8265 ], [ 150.986265555810718, -33.825989703751731 ], [ 150.9856, -33.825989703751731 ], [ 150.9856, -33.8265 ], [ 150.986265555810718, -33.8265 ] ] ] } },
{ "type": "Feature", "properties": { "roof_area_m2": 3621.1, "height_m": 6.3, "building": "residential" }, "geometry": { "type": "Polygon", "coordinates": [ [ [ 150.986276903715549, -33.825 ], [ 150.986276903715549, -33.824479052600616 ], [ 150.9856, -33.824479052600616 ], [ 150.9856, -33.825 ], [ 150.986276903715549, -33.825 ] ] ] } },
{ "type": "Feature", "properties": { "roof_area_m2": 3414.4, "height_m": 6.9, "building": "residential" }, "geometry": { "type": "Polygon", "coordinates": [ [ [ 150.986229509491324, -33.8235 ], [ 150.986229509491324, -33.82297181596644 ], [ 150.9856, -33.82297181596644 ], [ 150.9856, -33.8235 ], [ 150.986229509491324, -33.8235 ] ] ] } },
{ "type": "Feature", "properties": { "roof_area_m2": 2005.3, "height_m": 8.5, "building": "residential" }, "geometry": { "type": "Polygon", "coordinates": [ [ [ 150.985980075166935, -33.822 ], [ 150.985980075166935, -33.821486221058016 ], [ 150.9856, -33.821486221058016 ], [ 150.9856, -33.822 ], [ 150.985980075166935, -33.822 ] ] ] } },
{ "type": "Feature", "properties": { "roof_area_m2": 1980.9, "height_m": 6.7, "building": "residential" }, "geometry": { "type": "Polygon", "coordinates": [ [ [ 150.98604745861644, -33.8205 ], [ 150.98604745861644, -33.820068905964291 ], [ 150.9856, -33.820068905964291 ], [ 150.9856, -33.8205 ], [ 150.98604745861644, -33.8205 ] ] ] } },
{ "type": "Feature", "properties": { "roof_area_m2": 2016.6, "height_m": 6.9, "building": "residential" }, "geometry": { "type": "Polygon", "coordinates": [ [ [ 150.985995894962741, -33.819 ], [ 150.985995894962741, -33.818503986557623 ], [ 150.9856, -33.818503986557623 ], [ 150.9856, -33.819 ], [ 150.985995894962741, -33.819 ] ] ] } },
{ "type": "Feature", "properties": { "roof_area_m2": 2363.4, "height_m": 6.7, "building": "residential" }, "geometry": { "type": "Polygon", "coordinates": [ [ [ 150.986163113207169, -33.8175 ], [ 150.986163113207169, -33.81709131799348 ], [ 150.9856, -33.81709131799348 ], [ 150.9856, -33.8175 ], [ 150.986163113207169, -33.8175 ] ] ] } },
{ "type": "Feature", "properties": { "roof_area_m2": 2315.1, "height_m": 5.6, "building": "residential" }, "geometry": { "type": "Polygon", "coordinates": [ [ [ 150.98597810064021, -33.816 ], [ 150.98597810064021, -33.815403806174835 ], [ 150.9856, -33.815403806174835 ], [ 150.9856, -33.816 ], [ 150.98597810064021, -33.816 ] ] ] } },
{ "type": "Feature", "properties": { "roof_area_m2": 2497.1, "height_m": 5.8, "building": "residential" }, "geometry": { "type": "Polygon", "coordinates": [ [ [ 150.986119232178339, -33.8145 ], [ 150.986119232178339, -33.814031727631679 ], [ 150.9856, -33.814031727631679 ], [ 150.9856, -33.8145 ], [ 150.986119232178339, -33.8145 ] ] ] } },
{ "type": "Feature", "properties": { "roof_area_m2": 2247.9, "height_m": 7.7, "building": "residential" }, "geometry": { "type": "Polygon", "coordinates": [ [ [ 150.98625690840359, -33.813 ], [ 150.98625690840359, -33.812666813126533 ], [ 150.9856, -33.812666813126533 ], [ 150.9856, -33.813 ], [ 150.98625690840359, -33.813 ] ] ] } },
{ "type": "Feature", "properties": { "roof_area_m2": 1794.1, "height_m": 8.6, "building": "residential" }, "geometry": { "type": "Polygon", "coordinates": [ [ [ 150.985940339847417, -33.8115 ], [ 150.985940339847417, -33.810986744163252 ], [ 150.9856, -33.810986744163252 ], [ 150.9856, -33.8115 ], [ 150.985940339847417, -33.8115 ] ] ] } },
{ "type": "Feature", "properties": { "roof_area_m2": 2255.4, "height_m": 8.7, "building": "residential" }, "geometry": { "type": "Polygon", "coordinates": [ [ [ 150.986178115985211, -33.81 ], [ 150.986178115985211, -33.809620148190291 ], [ 150.9856, -33.809620148190291 ], [ 150.9856, -33.81 ], [ 150.986178115985211, -33.81 ] ] ] } },
{ "type": "Feature", "properties": { "roof_area_m2": 2228.2, "height_m": 8.5, "building": "residential" }, "geometry": { "type": "Polygon", "coordinates": [ [ [ 150.986131847344978, -33.8085 ], [ 150.986131847344978, -33.808092093931513 ], [ 150.9856, -33.808092093931513 ], [ 150.9856, -33.8085 ], [ 150.986131847344978, -33.8085 ] ] ] } },
{ "type": "Feature", "properties": { "roof_area_m2": 2186.0, "height_m": 5.7, "building": "residential" }, "geometry": { "type": "Polygon", "coordinates": [ [ [ 150.985998471685036, -33.807 ], [ 150.985998471685036, -33.806465866768349 ], [ 150.9856, -33.806465866768349 ], [ 150.9856, -33.807 ], [ 150.985998471685036, -33.807 ] ] ] } },
{ "type": "Feature", "properties": { "roof_area_m2": 2572.3, "height_m": 7.5, "building": "residential" }, "geometry": { "type": "Polygon", "coordinates": [ [ [ 150.986254016475414, -33.8055 ], [ 150.986254016475414, -33.805117073633774 ], [ 150.9856, -33.805117073633774 ], [ 150.9856, -33.8055 ], [ 150.986254016475414, -33.8055 ] ] ] } },
{ "type": "Feature", "properties": { "roof_area_m2": 4078.6, "height_m": 5.7, "building": "residential" }, "geometry": { "type": "Polygon", "coordinates": [ [ [ 150.986264264905088, -33.804 ], [ 150.986264264905088, -33.80340222268606 ], [ 150.9856, -33.80340222268606 ], [ 150.9856, -33.804 ], [ 150.986264264905088, -33.804 ] ] ] } },
{ "type": "Feature", "properties": { "roof_area_m2": 3138.8, "height_m": 8.8, "building": "residential" }, "geometry": { "type": "Polygon", "coordinates": [ [ [ 150.986271392575048, -33.8025 ], [ 150.986271392575048, -33.802044851818131 ], [ 150.9856, -33.802044851818131 ], [ 150.9856, -33.8025 ], [ 150.986271392575048, -33.8025 ] ] ] } },
{ "type": "Feature", "properties": { "roof_area_m2": 2020.3, "height_m": 7.8, "building": "residential" }, "geometry": { "type": "Polygon", "coordinates": [ [ [ 150.987918772433744, -33.828 ], [ 150.987918772433744, -33.827620751511041 ], [ 150.9874, -33.827620751511041 ], [ 150.9874, -33.828 ], [ 150.987918772433744, -33.828 ] ] ] } },
{ "type": "Feature", "properties": { "roof_area_m2": 2437.8, "height_m": 7.3, "building": "residential" }, "geometry": { "type": "Polygon", "coordinates": [ [ [ 150.987885194158594, -33.8265 ], [ 150.987885194158594, -33.826010697854379 ], [ 150.9874, -33.826010697854379 ], [ 150.9874, -33.8265 ], [ 150.987885194158594, -33.8265 ] ] ] } },
{ "type": "Feature", "properties": { "roof_area_m2": 2078.3, "height_m": 8.3, "building": "residential" }, "geometry": { "type": "Polygon", "coordinates": [ [ [ 150.98778895235435, -33.825 ], [ 150.98778895235435, -33.824479651383349 ], [ 150.9874, -33.824479651383349 ], [ 150.9874, -33.825 ], [ 150.98778895235435, -33.825 ] ] ] } },
{ "type": "Feature", "properties": { "roof_area_m2": 2611.0, "height_m": 7.6, "building": "residential" }, "geometry": { "type": "Polygon", "coordinates": [ [ [ 150.988050648663517, -33.8235 ], [ 150.988050648663517, -33.823109212859464 ], [ 150.9874, -33.823109212859464 ], [ 150.9874, -33.8235 ], [ 150.988050648663517, -33.8235 ] ] ] } },
{ "type": "Feature", "properties": { "roof_area_m2": 1357.4, "height_m": 8.4, "building": "residential" }, "geometry": { "type": "Polygon", "coordinates": [ [ [ 150.987734000433449, -33.822 ], [ 150.987734000433449, -33.821604246652178 ], [ 150.9874, -33.821604246652178 ], [ 150.9874, -33.822 ], [ 150.987734000433449, -33.822 ] ] ] } },
{ "type": "Feature", "properties": { "roof_area_m2": 3780.1, "height_m": 7.9, "building": "residential" }, "geometry": { "type": "Polygon", "coordinates": [ [ [ 150.988048962568371, -33.8205 ], [ 150.988048962568371, -33.819932787734352 ], [ 150.9874, -33.819932787734352 ], [ 150.9874, -33.8205 ], [ 150.988048962568371, -33.8205 ] ] ] } },
{ "type": "Feature", "properties": { "roof_area_m2": 2889.0, "height_m": 6.1, "building": "residential" }, "geometry": { "type": "Polygon", "coordinates": [ [ [ 150.988066384217859, -33.819 ], [ 150.988066384217859, -33.818577841418254 ], [ 150.9874, -33.818577841418254 ], [ 150.9874, -33.819 ], [ 150.988066384217859, -33.819 ] ] ] } },
{ "type": "Feature", "properties": { "roof_area_m2": 1408.7, "height_m": 5.5, "building": "residential" }, "geometry": { "type": "Polygon", "coordinates": [ [ [ 150.98777363644146, -33.8175 ], [ 150.98777363644146, -33.817132868636904 ], [ 150.9874, -33.817132868636904 ], [ 150.9874, -33.8175 ], [ 150.98777363644146, -33.8175 ] ] ] } },
{ "type": "Feature", "properties": { "roof_area_m2": 2324.5, "height_m": 8.1, "building": "residential" }, "geometry": { "type": "Polygon", "coordinates": [ [ [ 150.987790712675576, -33.816 ], [ 150.987790712675576, -33.815420706174983 ], [ 150.9874, -33.815420706174983 ], [ 150.9874, -33.816 ], [ 150.987790712675576, -33.816 ] ] ] } },
{ "type": "Feature", "properties": { "roof_area_m2": 3295.2, "height_m": 7.1, "building": "residential" }, "geometry": { "type": "Polygon", "coordinates": [ [ [ 150.988066990880384, -33.8145 ], [ 150.988066990880384, -33.814018950611676 ], [ 150.9874, -33.814018950611676 ], [ 150.9874, -33.8145 ], [ 150.988066990880384, -33.8145 ] ] ] } },
{ "type": "Feature", "properties": { "roof_area_m2": 1810.0, "height_m": 7.7, "building": "residential" }, "geometry": { "type": "Polygon", "coordinates": [ [ [ 150.987825391557749, -33.813 ], [ 150.987825391557749, -33.812585705439695 ], [ 150.9874, -33.812585705439695 ], [ 150.9874, -33.813 ], [ 150.987825391557749, -33.813 ] ] ] } },
{ "type": "Feature", "properties": { "roof_area_m2": 2168.7, "height_m": 8.1, "building": "residential" }, "geometry": { "type": "Polygon", "coordinates": [ [ [ 150.988022613003693, -33.8115 ], [ 150.988022613003693, -33.811160841682224 ], [ 150.9874, -33.811160841682224 ], [ 150.9874, -33.8115 ], [ 150.988022613003693, -33.8115 ] ] ] } },
{ "type": "Feature", "properties": { "roof_area_m2": 1536.9, "height_m": 7.1, "building": "residential" }, "geometry": { "type": "Polygon", "coordinates": [ [ [ 150.987702175246085, -33.81 ], [ 150.987702175246085, -33.809504801602991 ], [ 150.9874, -33.809504801602991 ], [ 150.9874, -33.81 ], [ 150.987702175246085, -33.81 ] ] ] } },
{ "type": "Feature", "properties": { "roof_area_m2": 1911.1, "height_m": 5.6, "building": "residential" }, "geometry": { "type": "Polygon", "coordinates": [ [ [ 150.987780258089003, -33.8085 ], [ 150.987780258089003, -33.808010661306774 ], [ 150.9874, -33.808010661306774 ], [ 150.9874, -33.8085 ], [ 150.987780258089003, -33.8085 ] ] ] } },
{ "type": "Feature", "properties": { "roof_area_m2": 2986.9, "height_m": 6.8, "building": "residential" }, "geometry": { "type": "Polygon", "coordinates": [ [ [ 150.988035420266357, -33.807 ], [ 150.988035420266357, -33.806542336195747 ], [ 150.9874, -33.806542336195747 ], [ 150.9874, -33.807 ], [ 150.988035420266357, -33.807 ] ] ] } },
{ "type": "Feature", "properties": { "roof_area_m2": 1833.3, "height_m": 7.1, "building": "residential" }, "geometry": { "type": "Polygon", "coordinates": [ [ [ 150.987870299810368, -33.8055 ], [ 150.987870299810368, -33.805120471395185 ], [ 150.9874, -33.805120471395185 ], [ 150.9874, -33.8055 ], [ 150.987870299810368, -33.8055 ] ] ] } },
{ "type": "Feature", "properties": { "roof_area_m2": 3741.7, "height_m": 7.3, "building": "residential" }, "geometry": { "type": "Polygon", "coordinates": [ [ [ 150.988093061294421, -33.804 ], [ 150.988093061294421, -33.803474383742966 ], [ 150.9874, -33.803474383742966 ], [ 150.9874, -33.804 ], [ 150.988093061294421, -33.804 ] ] ] } },
{ "type": "Feature", "properties": { "roof_area_m2": 1595.2, "height_m": 7.7, "building": "residential" }, "geometry": { "type": "Polygon", "coordinates": [ [ [ 150.987884953026253, -33.8025 ], [ 150.987884953026253, -33.802179762989212 ], [ 150.9874, -33.802179762989212 ], [ 150.9874, -33.8025 ], [ 150.987884953026253, -33.8025 ] ] ] } },
{ "type": "Feature", "properties": { "roof_area_m2": 2627.1, "height_m": 7.9, "building": "residential" }, "geometry": { "type": "Polygon", "coordinates": [ [ [ 150.989787847778302, -33.828 ], [ 150.989787847778302, -33.827564779216139 ], [ 150.9892, -33.827564779216139 ], [ 150.9892, -33.828 ], [ 150.989787847778302, -33.828 ] ] ] } },
{ "type": "Feature", "properties": { "roof_area_m2": 2100.5, "height_m": 7.6, "building": "residential" }, "geometry": { "type": "Polygon", "coordinates": [ [ [ 150.989793028572507, -33.8265 ], [ 150.989793028572507, -33.826155058563671 ], [ 150.9892, -33.826155058563671 ], [ 150.9892, -33.8265 ], [ 150.989793028572507, -33.8265 ] ] ] } },
{ "type": "Feature", "properties": { "roof_area_m2": 2010.3, "height_m": 8.3, "building": "residential" }, "geometry": { "type": "Polygon", "coordinates": [ [ [ 150.989845061553552, -33.825 ], [ 150.989845061553552, -33.824696513808064 ], [ 150.9892, -33.824696513808064 ], [ 150.9892, -33.825 ], [ 150.989845061553552, -33.825 ] ] ] } },
{ "type": "Feature", "properties": { "roof_area_m2": 2320.0, "height_m": 7.1, "building": "residential" }, "geometry": { "type": "Polygon", "coordinates": [ [ [ 150.989881396139054, -33.8235 ], [ 150.989881396139054, -33.82316844593042 ], [ 150.9892, -33.82316844593042 ], [ 150.9892, -33.8235 ], [ 150.989881396139054, -33.8235 ] ] ] } },
{ "type": "Feature", "properties": { "roof_area_m2": 2372.2, "height_m": 6.8, "building": "residential" }, "geometry": { "type": "Polygon", "coordinates": [ [ [ 150.989675109433421, -33.822 ], [ 150.989675109433421, -33.821513791202889 ], [ 150.9892, -33.821513791202889 ], [ 150.9892, -33.822 ], [ 150.989675109433421, -33.822 ] ] ] } },
{ "type": "Feature", "properties": { "roof_area_m2": 1846.9, "height_m": 7.6, "building": "residential" }, "geometry": { "type": "Polygon", "coordinates": [ [ [ 150.989658130472833, -33.8205 ], [ 150.989658130472833, -33.820107428592344 ], [ 150.9892, -33.820107428592344 ], [ 150.9892, -33.8205 ], [ 150.989658130472833, -33.8205 ] ] ] } },
{ "type": "Feature", "properties": { "roof_area_m2": 2266.5, "height_m": 8.6, "building": "residential" }, "geometry": { "type": "Polygon", "coordinates": [ [ [ 150.989573917863993, -33.819 ], [ 150.989573917863993, -33.818409766553337 ], [ 150.9892, -33.818409766553337 ], [ 150.9892, -33.819 ], [ 150.989573917863993, -33.819 ] ] ] } },
{ "type": "Feature", "properties": { "roof_area_m2": 1811.0, "height_m": 8.7, "building": "residential" }, "geometry": { "type": "Polygon", "coordinates": [ [ [ 150.989547807982802, -33.8175 ], [ 150.989547807982802, -33.816992973738742 ], [ 150.9892, -33.816992973738742 ], [ 150.9892, -33.8175 ], [ 150.989547807982802, -33.8175 ] ] ] } },
{ "type": "Feature", "properties": { "roof_area_m2": 2488.9, "height_m": 8.3, "building": "residential" }, "geometry": { "type": "Polygon", "coordinates": [ [ [ 150.98974165161485, -33.816 ], [ 150.98974165161485, -33.815552577670985 ], [ 150.9892, -33.815552577670985 ], [ 150.9892, -33.816 ], [ 150.98974165161485, -33.816 ] ] ] } },
{ "type": "Feature", "properties": { "roof_area_m2": 1533.2, "height_m": 6.4, "building": "residential" }, "geometry": { "type": "Polygon", "coordinates": [ [ [ 150.989570809928836, -33.8145 ], [ 150.989570809928836, -33.81409739112766 ], [ 150.9892, -33.81409739112766 ], [ 150.9892, -33.8145 ], [ 150.989570809928836, -33.8145 ] ] ] } },
{ "type": "Feature", "properties": { "roof_area_m2": 2132.9, "height_m": 8.8, "building": "residential" }, "geometry": { "type": "Polygon", "coordinates": [ [ [ 150.989593071398247, -33.813 ], [ 150.989593071398247, -33.812471664923621 ], [ 150.9892, -33.812471664923621 ], [ 150.9892, -33.813 ], [ 150.989593071398247, -33.813 ] ] ] } },
{ "type": "Feature", "properties": { "roof_area_m2": 1559.9, "height_m": 7.6, "building": "residential" }, "geometry": { "type": "Polygon", "coordinates": [ [ [ 150.989691128102407, -33.8115 ], [ 150.989691128102407, -33.811190746900358 ], [ 150.9892, -33.811190746900358 ], [ 150.9892, -33.8115 ], [ 150.989691128102407, -33.8115 ] ] ] } },
{ "type": "Feature", "properties": { "roof_area_m2": 2014.7, "height_m": 5.6, "building": "residential" }, "geometry": { "type": "Polygon", "coordinates": [ [ [ 150.989634709281034, -33.81 ], [ 150.989634709281034, -33.809548757656792 ], [ 150.9892, -33.809548757656792 ], [ 150.9892, -33.81 ], [ 150.989634709281034, -33.81 ] ] ] } },
{ "type": "Feature", "properties": { "roof_area_m2": 2430.5, "height_m": 6.9, "building": "residential" }, "geometry": { "type": "Polygon", "coordinates": [ [ [ 150.989624654548578, -33.8085 ], [ 150.989624654548578, -33.80794273305191 ], [ 150.9892, -33.80794273305191 ], [ 150.9892, -33.8085 ], [ 150.989624654548578, -33.8085 ] ] ] } },
{ "type": "Feature", "properties": { "roof_area_m2": 2763.6, "height_m": 8.5, "building": "residential" }, "geometry": { "type": "Polygon", "coordinates": [ [ [ 150.989730355610476, -33.807 ], [ 150.989730355610476, -33.806492652881374 ], [ 150.9892, -33.806492652881374 ], [ 150.9892, -33.807 ], [ 150.989730355610476, -33.807 ] ] ] } },
{ "type": "Feature", "properties": { "roof_area_m2": 3450.7, "height_m": 6.5, "building": "residential" }, "geometry": { "type": "Polygon", "coordinates": [ [ [ 150.989833405377823, -33.8055 ], [ 150.989833405377823, -33.804969593052554 ], [ 150.9892, -33.804969593052554 ], [ 150.9892, -33.8055 ], [ 150.989833405377823, -33.8055 ] ] ] } },
{ "type": "Feature", "properties": { "roof_area_m2": 2376.2, "height_m": 7.5, "building": "residential" }, "geometry": { "type": "Polygon", "coordinates": [ [ [ 150.989622329772374, -33.804 ], [ 150.989622329772374, -33.803452228811643 ], [ 150.9892, -33.803452228811643 ], [ 150.9892, -33.804 ], [ 150.989622329772374, -33.804 ] ] ] } },
{ "type": "Feature", "properties": { "roof_area_m2": 1245.7, "height_m": 6.7, "building": "residential" }, "geometry": { "type": "Polygon", "coordinates": [ [ [ 150.9895992521285, -33.8025 ], [ 150.9895992521285, -33.802196236130492 ], [ 150.9892, -33.802196236130492 ], [ 150.9892, -33.8025 ], [ 150.9895992521285, -33.8025 ] ] ] } },
{ "type": "Feature", "properties": { "roof_area_m2": 2536.7, "height_m": 8.6, "building": "residential" }, "geometry": { "type": "Polygon", "coordinates": [ [ [ 150.991457154726987, -33.828 ], [ 150.991457154726987, -33.827459609651363 ], [ 150.991, -33.827459609651363 ], [ 150.991, -33.828 ], [ 150.991457154726987, -33.828 ] ] ] } },
{ "type": "Feature", "properties": { "roof_area_m2": 3095.7, "height_m": 8.4, "building": "residential" }, "geometry": { "type": "Polygon", "coordinates": [ [ [ 150.991602090438619, -33.8265 ], [ 150.991602090438619, -33.825999290421052 ], [ 150.991, -33.825999290421052 ], [ 150.991, -33.8265 ], [ 150.991602090438619, -33.8265 ] ] ] } },
{ "type": "Feature", "properties": { "roof_area_m2": 1783.1, "height_m": 5.7, "building": "residential" }, "geometry": { "type": "Polygon", "coordinates": [ [ [ 150.99132505634779, -33.825 ], [ 150.99132505634779, -33.824465813609983 ], [ 150.991, -33.824465813609983 ], [ 150.991, -33.825 ], [ 150.99132505634779, -33.825 ] ] ] } },
{ "type": "Feature", "properties": { "roof_area_m2": 1877.7, "height_m": 6.4, "building": "residential" }, "geometry": { "type": "Polygon", "coordinates": [ [ [ 150.991352901437722, -33.8235 ], [ 150.991352901437722, -33.822981869239761 ], [ 150.991, -33.822981869239761 ], [ 150.991, -33.8235 ], [ 150.991352901437722, -33.8235 ] ] ] } },
{ "type": "Feature", "properties": { "roof_area_m2": 1620.4, "height_m": 5.8, "building": "residential" }, "geometry": { "type": "Polygon", "coordinates": [ [ [ 150.991519004997286, -33.822 ], [ 150.991519004997286, -33.821695971601457 ], [ 150.991, -33.821695971601457 ], [ 150.991, -33.822 ], [ 150.991519004997286, -33.822 ] ] ] } },
{ "type": "Feature", "properties": { "roof_area_m2": 1466.9, "height_m": 7.5, "building": "residential" }, "geometry": { "type": "Polygon", "coordinates": [ [ [ 150.991354950004848, -33.8205 ], [ 150.991354950004848, -33.820097576390751 ], [ 150.991, -33.820097576390751 ], [ 150.991, -33.8205 ], [ 150.991354950004848, -33.8205 ] ] ] } },
{ "type": "Feature", "properties": { "roof_area_m2": 2270.1, "height_m": 6.4, "building": "residential" }, "geometry": { "type": "Polygon", "coordinates": [ [ [ 150.991383083399143, -33.819 ], [ 150.991383083399143, -33.818422953266463 ], [ 150.991, -33.818422953266463 ], [ 150.991, -33.819 ], [ 150.991383083399143, -33.819 ] ] ] } },
{ "type": "Feature", "properties": { "roof_area_m2": 3132.4, "height_m": 9.0, "building": "residential" }, "geometry": { "type": "Polygon", "coordinates": [ [ [ 150.991577731096612, -33.8175 ], [ 150.991577731096612, -33.81697204704129 ], [ 150.991, -33.81697204704129 ], [ 150.991, -33.8175 ], [ 150.991577731096612, -33.8175 ] ] ] } },
{ "type": "Feature", "properties": { "roof_area_m2": 2580.7, "height_m": 6.7, "building": "residential" }, "geometry": { "type": "Polygon", "coordinates": [ [ [ 150.991615005938229, -33.816 ], [ 150.991615005938229, -33.815591405696772 ], [ 150.991, -33.815591405696772 ], [ 150.991, -33.816 ], [ 150.991615005938229, -33.816 ] ] ] } },
{ "type": "Feature", "properties": { "roof_area_m2": 2433.2, "height_m": 6.8, "building": "residential" }, "geometry": { "type": "Polygon", "coordinates": [ [ [ 150.991597287624785, -33.8145 ], [ 150.991597287624785, -33.814103331283647 ], [ 150.991, -33.814103331283647 ], [ 150.991, -33.8145 ], [ 150.991597287624785, -33.8145 ] ] ] } },
{ "type": "Feature", "properties": { "roof_area_m2": 2484.8, "height_m": 5.9, "building": "residential" }, "geometry": { "type": "Polygon", "coordinates": [ [ [ 150.991577338894075, -33.813 ], [ 150.991577338894075, -33.812580936460471 ], [ 150.991, -33.812580936460471 ], [ 150.991, -33.813 ], [ 150.991577338894075, -33.813 ] ] ] } },
{ "type": "Feature", "properties": { "roof_area_m2": 1925.6, "height_m": 7.1, "building": "residential" }, "geometry": { "type": "Polygon", "coordinates": [ [ [ 150.991528410874935, -33.8115 ], [ 150.991528410874935, -33.811145183919741 ], [ 150.991, -33.811145183919741 ], [ 150.991, -33.8115 ], [ 150.991528410874935, -33.8115 ] ] ] } },
{ "type": "Feature", "properties": { "roof_area_m2": 3004.3, "height_m": 7.7, "building": "residential" }, "geometry": { "type": "Polygon", "coordinates": [ [ [ 150.991675251259522, -33.81 ], [ 150.991675251259522, -33.809566801907756 ], [ 150.991, -33.809566801907756 ], [ 150.991, -33.81 ], [ 150.991675251259522, -33.81 ] ] ] } },
{ "type": "Feature", "properties": { "roof_area_m2": 2053.7, "height_m": 7.9, "building": "residential" }, "geometry": { "type": "Polygon", "coordinates": [ [ [ 150.99141432774104, -33.8085 ], [ 150.99141432774104, -33.808017405909865 ], [ 150.991, -33.808017405909865 ], [ 150.991, -33.8085 ], [ 150.99141432774104, -33.8085 ] ] ] } },
{ "type": "Feature", "properties": { "roof_area_m2": 2540.7, "height_m": 6.5, "building": "residential" }, "geometry": { "type": "Polygon", "coordinates": [ [ [ 150.991628191682594, -33.807 ], [ 150.991628191682594, -33.806606221616342 ], [ 150.991, -33.806606221616342 ], [ 150.991, -33.807 ], [ 150.991628191682594, -33.807 ] ] ] } },
{ "type": "Feature", "properties": { "roof_area_m2": 1868.8, "height_m": 7.6, "building": "residential" }, "geometry": { "type": "Polygon", "coordinates": [ [ [ 150.991418953186326, -33.8055 ], [ 150.991418953186326, -33.805065703232827 ], [ 150.991, -33.805065703232827 ], [ 150.991, -33.8055 ], [ 150.991418953186326, -33.8055 ] ] ] } },
{ "type": "Feature", "properties": { "roof_area_m2": 4027.0, "height_m": 6.8, "building": "residential" }, "geometry": { "type": "Polygon", "coordinates": [ [ [ 150.991653964983129, -33.804 ], [ 150.991653964983129, -33.803400478700915 ], [ 150.991, -33.803400478700915 ], [ 150.991, -33.804 ], [ 150.991653964983129, -33.804 ] ] ] } },
{ "type": "Feature", "properties": { "roof_area_m2": 1909.9, "height_m": 7.3, "building": "residential" }, "geometry": { "type": "Polygon", "coordinates": [ [ [ 150.991340250995336, -33.8025 ], [ 150.991340250995336, -33.801953504449216 ], [ 150.991, -33.801953504449216 ], [ 150.991, -33.8025 ], [ 150.991340250995336, -33.8025 ] ] ] } },
{ "type": "Feature", "properties": { "roof_area_m2": 2987.5, "height_m": 7.8, "building": "residential" }, "geometry": { "type": "Polygon", "coordinates": [ [ [ 150.993392916973363, -33.828 ], [ 150.993392916973363, -33.827509299459095 ], [ 150.9928, -33.827509299459095 ], [ 150.9928, -33.828 ], [ 150.993392916973363, -33.828 ] ] ] } },
{ "type": "Feature", "properties": { "roof_area_m2": 3104.0, "height_m": 6.2, "building": "residential" }, "geometry": { "type": "Polygon", "coordinates": [ [ [ 150.993457571300752, -33.8265 ], [ 150.993457571300752, -33.826040309795793 ], [ 150.9928, -33.826040309795793 ], [ 150.9928, -33.8265 ], [ 150.993457571300752, -33.8265 ] ] ] } },
{ "type": "Feature", "properties": { "roof_area_m2": 2124.1, "height_m": 6.3, "building": "residential" }, "geometry": { "type": "Polygon", "coordinates": [ [ [ 150.993149188359666, -33.825 ], [ 150.993149188359666, -33.824407612107287 ], [ 150.9928, -33.824407612107287 ], [ 150.9928, -33.825 ], [ 150.993149188359666, -33.825 ] ] ] } },
{ "type": "Feature", "properties": { "roof_area_m2": 2000.6, "height_m": 7.2, "building": "residential" }, "geometry": { "type": "Polygon", "coordinates": [ [ [ 150.993190547888787, -33.8235 ], [ 150.993190547888787, -33.823001163397507 ], [ 150.9928, -33.823001163397507 ], [ 150.9928, -33.8235 ], [ 150.993190547888787, -33.8235 ] ] ] } },
{ "type": "Feature", "properties": { "roof_area_m2": 3079.5, "height_m": 7.2, "building": "residential" }, "geometry": { "type": "Polygon", "coordinates": [ [ [ 150.993385370136792, -33.822 ], [ 150.993385370136792, -33.821487701017574 ], [ 150.9928, -33.821487701017574 ], [ 150.9928, -33.822 ], [ 150.993385370136792, -33.822 ] ] ] } },
{ "type": "Feature", "properties": { "roof_area_m2": 2038.2, "height_m": 6.2, "building": "residential" }, "geometry": { "type": "Polygon", "coordinates": [ [ [ 150.993150676797825, -33.8205 ], [ 150.993150676797825, -33.819934009894766 ], [ 150.9928, -33.819934009894766 ], [ 150.9928, -33.8205 ], [ 150.993150676797825, -33.8205 ] ] ] } },
{ "type": "Feature", "properties": { "roof_area_m2": 2782.2, "height_m": 8.8, "building": "residential" }, "geometry": { "type": "Polygon", "coordinates": [ [ [ 150.993272244154241, -33.819 ], [ 150.993272244154241, -33.818426319624777 ], [ 150.9928, -33.818426319624777 ], [ 150.9928, -33.819 ], [ 150.993272244154241, -33.819 ] ] ] } },
{ "type": "Feature", "properties": { "roof_area_m2": 3051.5, "height_m": 7.9, "building": "residential" }, "geometry": { "type": "Polygon", "coordinates": [ [ [ 150.993331427706664, -33.8175 ], [ 150.993331427706664, -33.816940867831896 ], [ 150.9928, -33.816940867831896 ], [ 150.9928, -33.8175 ], [ 150.993331427706664, -33.8175 ] ] ] } },
{ "type": "Feature", "properties": { "roof_area_m2": 2186.9, "height_m": 5.9, "building": "residential" }, "geometry": { "type": "Polygon", "coordinates": [ [ [ 150.993291825116842, -33.816 ], [ 150.993291825116842, -33.815567030563123 ], [ 150.9928, -33.815567030563123 ], [ 150.9928, -33.816 ], [ 150.993291825116842, -33.816 ] ] ] } },
{ "type": "Feature", "properties": { "roof_area_m2": 2106.3, "height_m": 7.2, "building": "residential" }, "geometry": { "type": "Polygon", "coordinates": [ [ [ 150.993276702846543, -33.8145 ], [ 150.993276702846543, -33.8140697700576 ], [ 150.9928, -33.8140697700576 ], [ 150.9928, -33.8145 ], [ 150.993276702846543, -33.8145 ] ] ] } },
{ "type": "Feature", "properties": { "roof_area_m2": 2454.0, "height_m": 5.5, "building": "residential" }, "geometry": { "type": "Polygon", "coordinates": [ [ [ 150.993221551368293, -33.813 ], [ 150.993221551368293, -33.812433177539418 ], [ 150.9928, -33.812433177539418 ], [ 150.9928, -33.813 ], [ 150.993221551368293, -33.813 ] ] ] } },
{ "type": "Feature", "properties": { "roof_area_m2": 1739.1, "height_m": 6.9, "building": "residential" }, "geometry": { "type": "Polygon", "coordinates": [ [ [ 150.993138030234832, -33.8115 ], [ 150.993138030234832, -33.810999066916573 ], [ 150.9928, -33.810999066916573 ], [ 150.9928, -33.8115 ], [ 150.993138030234832, -33.8115 ] ] ] } },
{ "type": "Feature", "properties": { "roof_area_m2": 2579.3, "height_m": 8.5, "building": "residential" }, "geometry": { "type": "Polygon", "coordinates": [ [ [ 150.99343815887255, -33.81 ], [ 150.99343815887255, -33.809606472848891 ], [ 150.9928, -33.809606472848891 ], [ 150.9928, -33.81 ], [ 150.99343815887255, -33.81 ] ] ] } },
{ "type": "Feature", "properties": { "roof_area_m2": 1924.4, "height_m": 8.9, "building": "residential" }, "geometry": { "type": "Polygon", "coordinates": [ [ [ 150.99311349513431, -33.8085 ], [ 150.99311349513431, -33.807902332706909 ], [ 150.9928, -33.807902332706909 ], [ 150.9928, -33.8085 ], [ 150.99311349513431, -33.8085 ] ] ] } },
{ "type": "Feature", "properties": { "roof_area_m2": 2214.8, "height_m": 8.7, "building": "residential" }, "geometry": { "type": "Polygon", "coordinates": [ [ [ 150.993488484612612, -33.807 ], [ 150.993488484612612, -33.806686785339622 ], [ 150.9928, -33.806686785339622 ], [ 150.9928, -33.807 ], [ 150.993488484612612, -33.807 ] ] ] } },
{ "type": "Feature", "properties": { "roof_area_m2": 2575.7, "height_m": 6.6, "building": "residential" }, "geometry": { "type": "Polygon", "coordinates": [ [ [ 150.993362522502537, -33.8055 ], [ 150.993362522502537, -33.805054204611466 ], [ 150.9928, -33.805054204611466 ], [ 150.9928, -33.8055 ], [ 150.993362522502537, -33.8055 ] ] ] } },
{ "type": "Feature", "properties": { "roof_area_m2": 2232.0, "height_m": 8.5, "building": "residential" }, "geometry": { "type": "Polygon", "coordinates": [ [ [ 150.99346611330671, -33.804 ], [ 150.99346611330671, -33.803673762983479 ], [ 150.9928, -33.803673762983479 ], [ 150.9928, -33.804 ], [ 150.99346611330671, -33.804 ] ] ] } },
{ "type": "Feature", "properties": { "roof_area_m2": 1909.1, "height_m": 7.4, "building": "residential" }, "geometry": { "type": "Polygon", "coordinates": [ [ [ 150.99320778649215, -33.8025 ], [ 150.99320778649215, -33.802044204369182 ], [ 150.9928, -33.802044204369182 ], [ 150.9928, -33.8025 ], [ 150.99320778649215, -33.8025 ] ] ] } },
{ "type": "Feature", "properties": { "roof_area_m2": 2057.6, "height_m": 8.6, "building": "residential" }, "geometry": { "type": "Polygon", "coordinates": [ [ [ 150.995248154480919, -33.828 ], [ 150.995248154480919, -33.827690842855354 ], [ 150.9946, -33.827690842855354 ], [ 150.9946, -33.828 ], [ 150.995248154480919, -33.828 ] ] ] } },
{ "type": "Feature", "properties": { "roof_area_m2": 1952.8, "height_m": 8.7, "building": "residential" }, "geometry": { "type": "Polygon", "coordinates": [ [ [ 150.994939927129536, -33.8265 ], [ 150.994939927129536, -33.825940559188233 ], [ 150.9946, -33.825940559188233 ], [ 150.9946, -33.8265 ], [ 150.994939927129536, -33.8265 ] ] ] } },
{ "type": "Feature", "properties": { "roof_area_m2": 1939.6, "height_m": 6.7, "building": "residential" }, "geometry": { "type": "Polygon", "coordinates": [ [ [ 150.995208220371694, -33.825 ], [ 150.995208220371694, -33.824689445631456 ], [ 150.9946, -33.824689445631456 ], [ 150.9946, -33.825 ], [ 150.995208220371694, -33.825 ] ] ] } },
{ "type": "Feature", "properties": { "roof_area_m2": 1925.9, "height_m": 8.4, "building": "residential" }, "geometry": { "type": "Polygon", "coordinates": [ [ [ 150.995150227119666, -33.8235 ], [ 150.995150227119666, -33.823159140223133 ], [ 150.9946, -33.823159140223133 ], [ 150.9946, -33.8235 ], [ 150.995150227119666, -33.8235 ] ] ] } },
{ "type": "Feature", "properties": { "roof_area_m2": 1569.1, "height_m": 7.5, "building": "residential" }, "geometry": { "type": "Polygon", "coordinates": [ [ [ 150.994900417623029, -33.822 ], [ 150.994900417623029, -33.821491381766215 ], [ 150.9946, -33.821491381766215 ], [ 150.9946, -33.822 ], [ 150.994900417623029, -33.822 ] ] ] } },
{ "type": "Feature", "properties": { "roof_area_m2": 1919.8, "height_m": 8.5, "building": "residential" }, "geometry": { "type": "Polygon", "coordinates": [ [ [ 150.994985257545807, -33.8205 ], [ 150.994985257545807, -33.820014757743472 ], [ 150.9946, -33.820014757743472 ], [ 150.9946, -33.8205 ], [ 150.994985257545807, -33.8205 ] ] ] } },
{ "type": "Feature", "properties": { "roof_area_m2": 2963.1, "height_m": 7.9, "building": "residential" }, "geometry": { "type": "Polygon", "coordinates": [ [ [ 150.995184802084481, -33.819 ], [ 150.995184802084481, -33.818506604246053 ], [ 150.9946, -33.818506604246053 ], [ 150.9946, -33.819 ], [ 150.995184802084481, -33.819 ] ] ] } },
{ "type": "Feature", "properties": { "roof_area_m2": 2091.5, "height_m": 5.9, "building": "residential" }, "geometry": { "type": "Polygon", "coordinates": [ [ [ 150.995085922990114, -33.8175 ], [ 150.995085922990114, -33.817080887357655 ], [ 150.9946, -33.817080887357655 ], [ 150.9946, -33.8175 ], [ 150.995085922990114, -33.8175 ] ] ] } },
{ "type": "Feature", "properties": { "roof_area_m2": 1383.6, "height_m": 7.7, "building": "residential" }, "geometry": { "type": "Polygon", "coordinates": [ [ [ 150.994910819525188, -33.816 ], [ 150.994910819525188, -33.815566544005783 ], [ 150.9946, -33.815566544005783 ], [ 150.9946, -33.816 ], [ 150.994910819525188, -33.816 ] ] ] } },
{ "type": "Feature", "properties": { "roof_area_m2": 2054.4, "height_m": 7.9, "building": "residential" }, "geometry": { "type": "Polygon", "coordinates": [ [ [ 150.995029667930481, -33.8145 ], [ 150.995029667930481, -33.814034428411425 ], [ 150.9946, -33.814034428411425 ], [ 150.9946, -33.8145 ], [ 150.995029667930481, -33.8145 ] ] ] } },
{ "type": "Feature", "properties": { "roof_area_m2": 1599.7, "height_m": 8.4, "building": "residential" }, "geometry": { "type": "Polygon", "coordinates": [ [ [ 150.994915998958021, -33.813 ], [ 150.994915998958021, -33.81250708877333 ], [ 150.9946, -33.81250708877333 ], [ 150.9946, -33.813 ], [ 150.994915998958021, -33.813 ] ] ] } },
{ "type": "Feature", "properties": { "roof_area_m2": 1996.2, "height_m": 6.8, "building": "residential" }, "geometry": { "type": "Polygon", "coordinates": [ [ [ 150.995207486030296, -33.8115 ], [ 150.995207486030296, -33.811180044191424 ], [ 150.9946, -33.811180044191424 ], [ 150.9946, -33.8115 ], [ 150.995207486030296, -33.8115 ] ] ] } },
{ "type": "Feature", "properties": { "roof_area_m2": 2157.7, "height_m": 6.1, "building": "residential" }, "geometry": { "type": "Polygon", "coordinates": [ [ [ 150.995099509570821, -33.81 ], [ 150.995099509570821, -33.809579408497214 ], [ 150.9946, -33.809579408497214 ], [ 150.9946, -33.81 ], [ 150.995099509570821, -33.81 ] ] ] } },
{ "type": "Feature", "properties": { "roof_area_m2": 3930.7, "height_m": 5.8, "building": "residential" }, "geometry": { "type": "Polygon", "coordinates": [ [ [ 150.995258571147019, -33.8085 ], [ 150.995258571147019, -33.80791887351959 ], [ 150.9946, -33.80791887351959 ], [ 150.9946, -33.8085 ], [ 150.995258571147019, -33.8085 ] ] ] } },
{ "type": "Feature", "properties": { "roof_area_m2": 1209.7, "height_m": 7.3, "building": "residential" }, "geometry": { "type": "Polygon", "coordinates": [ [ [ 150.994992422870354, -33.807 ], [ 150.994992422870354, -33.806699867401541 ], [ 150.9946, -33.806699867401541 ], [ 150.9946, -33.807 ], [ 150.994992422870354, -33.807 ] ] ] } },
{ "type": "Feature", "properties": { "roof_area_m2": 2663.6, "height_m": 6.5, "building": "residential" }, "geometry": { "type": "Polygon", "coordinates": [ [ [ 150.99522168127362, -33.8055 ], [ 150.99522168127362, -33.805082856284038 ], [ 150.9946, -33.805082856284038 ], [ 150.9946, -33.8055 ], [ 150.99522168127362, -33.8055 ] ] ] } },
{ "type": "Feature", "properties": { "roof_area_m2": 2098.3, "height_m": 8.8, "building": "residential" }, "geometry": { "type": "Polygon", "coordinates": [ [ [ 150.995071361843003, -33.804 ], [ 150.995071361843003, -33.803566602557837 ], [ 150.9946, -33.803566602557837 ], [ 150.9946, -33.804 ], [ 150.995071361843003, -33.804 ] ] ] } },
{ "type": "Feature", "properties": { "roof_area_m2": 1187.3, "height_m": 5.5, "building": "residential" }, "geometry": { "type": "Polygon", "coordinates": [ [ [ 150.994906510844203, -33.8025 ], [ 150.994906510844203, -33.8021228815889 ], [ 150.9946, -33.8021228815889 ], [ 150.9946, -33.8025 ], [ 150.994906510844203, -33.8025 ] ] ] } },
{ "type": "Feature", "properties": { "roof_area_m2": 2810.5, "height_m": 8.4, "building": "residential" }, "geometry": { "type": "Polygon", "coordinates": [ [ [ 150.996912903289228, -33.828 ], [ 150.996912903289228, -33.82746635986625 ], [ 150.9964, -33.82746635986625 ], [ 150.9964, -33.828 ], [ 150.996912903289228, -33.828 ] ] ] } },
{ "type": "Feature", "properties": { "roof_area_m2": 2796.7, "height_m": 7.4, "building": "residential" }, "geometry": { "type": "Polygon", "coordinates": [ [ [ 150.997066223057175, -33.8265 ], [ 150.997066223057175, -33.826091192778712 ], [ 150.9964, -33.826091192778712 ], [ 150.9964, -33.8265 ], [ 150.997066223057175, -33.8265 ] ] ] } },
{ "type": "Feature", "properties": { "roof_area_m2": 3399.8, "height_m": 6.7, "building": "residential" }, "geometry": { "type": "Polygon", "coordinates": [ [ [ 150.99702968663064, -33.825 ], [ 150.99702968663064, -33.824474204558136 ], [ 150.9964, -33.824474204558136 ], [ 150.9964, -33.825 ], [ 150.99702968663064, -33.825 ] ] ] } },
{ "type": "Feature", "properties": { "roof_area_m2": 3357.6, "height_m": 5.7, "building": "residential" }, "geometry": { "type": "Polygon", "coordinates": [ [ [ 150.996978708795268, -33.8235 ], [ 150.996978708795268, -33.822934997447099 ], [ 150.9964, -33.822934997447099 ], [ 150.9964, -33.8235 ], [ 150.996978708795268, -33.8235 ] ] ] } },
{ "type": "Feature", "properties": { "roof_area_m2": 2327.7, "height_m": 6.6, "building": "residential" }, "geometry": { "type": "Polygon", "coordinates": [ [ [ 150.996962301808367, -33.822 ], [ 150.996962301808367, -33.821596894300669 ], [ 150.9964, -33.821596894300669 ], [ 150.9964, -33.822 ], [ 150.996962301808367, -33.822 ] ] ] } },
{ "type": "Feature", "properties": { "roof_area_m2": 2725.8, "height_m": 8.9, "building": "residential" }, "geometry": { "type": "Polygon", "coordinates": [ [ [ 150.997060073714124, -33.8205 ], [ 150.997060073714124, -33.820097870687057 ], [ 150.9964, -33.820097870687057 ], [ 150.9964, -33.8205 ], [ 150.997060073714124, -33.8205 ] ] ] } },
{ "type": "Feature", "properties": { "roof_area_m2": 2790.2, "height_m": 9.0, "building": "residential" }, "geometry": { "type": "Polygon", "coordinates": [ [ [ 150.996973552925425, -33.819 ], [ 150.996973552925425, -33.818526287030657 ], [ 150.9964, -33.818526287030657 ], [ 150.9964, -33.819 ], [ 150.996973552925425, -33.819 ] ] ] } },
{ "type": "Feature", "properties": { "roof_area_m2": 1291.5, "height_m": 5.7, "building": "residential" }, "geometry": { "type": "Polygon", "coordinates": [ [ [ 150.996792597519033, -33.8175 ], [ 150.996792597519033, -33.817179672862153 ], [ 150.9964, -33.817179672862153 ], [ 150.9964, -33.8175 ], [ 150.996792597519033, -33.8175 ] ] ] } },
{ "type": "Feature", "properties": { "roof_area_m2": 3501.2, "height_m": 8.0, "building": "residential" }, "geometry": { "type": "Polygon", "coordinates": [ [ [ 150.997057560256337, -33.816 ], [ 150.997057560256337, -33.81548153080432 ], [ 150.9964, -33.81548153080432 ], [ 150.9964, -33.816 ], [ 150.997057560256337, -33.816 ] ] ] } },
{ "type": "Feature", "properties": { "roof_area_m2": 3298.6, "height_m": 5.8, "building": "residential" }, "geometry": { "type": "Polygon", "coordinates": [ [ [ 150.997009272736733, -33.8145 ], [ 150.997009272736733, -33.813972840461055 ], [ 150.9964, -33.813972840461055 ], [ 150.9964, -33.8145 ], [ 150.997009272736733, -33.8145 ] ] ] } },
{ "type": "Feature", "properties": { "roof_area_m2": 2010.8, "height_m": 7.2, "building": "residential" }, "geometry": { "type": "Polygon", "coordinates": [ [ [ 150.996869399416198, -33.813 ], [ 150.996869399416198, -33.812582899206667 ], [ 150.9964, -33.812582899206667 ], [ 150.9964, -33.813 ], [ 150.996869399416198, -33.813 ] ] ] } },
{ "type": "Feature", "properties": { "roof_area_m2": 1712.1, "height_m": 8.8, "building": "residential" }, "geometry": { "type": "Polygon", "coordinates": [ [ [ 150.996932652285693, -33.8115 ], [ 150.996932652285693, -33.811187035419202 ], [ 150.9964, -33.811187035419202 ], [ 150.9964, -33.8115 ], [ 150.996932652285693, -33.8115 ] ] ] } },
{ "type": "Feature", "properties": { "roof_area_m2": 2286.8, "height_m": 9.0, "building": "residential" }, "geometry": { "type": "Polygon", "coordinates": [ [ [ 150.996937600272787, -33.81 ], [ 150.996937600272787, -33.809585822708101 ], [ 150.9964, -33.809585822708101 ], [ 150.9964, -33.81 ], [ 150.996937600272787, -33.81 ] ] ] } },
{ "type": "Feature", "properties": { "roof_area_m2": 1600.7, "height_m": 8.9, "building": "residential" }, "geometry": { "type": "Polygon", "coordinates": [ [ [ 150.996817670366113, -33.8085 ], [ 150.996817670366113, -33.80812685295971 ], [ 150.9964, -33.80812685295971 ], [ 150.9964, -33.8085 ], [ 150.996817670366113, -33.8085 ] ] ] } },
{ "type": "Feature", "properties": { "roof_area_m2": 2321.0, "height_m": 5.5, "building": "residential" }, "geometry": { "type": "Polygon", "coordinates": [ [ [ 150.996865881648318, -33.807 ], [ 150.996865881648318, -33.80651493598009 ], [ 150.9964, -33.80651493598009 ], [ 150.9964, -33.807 ], [ 150.996865881648318, -33.807 ] ] ] } },
{ "type": "Feature", "properties": { "roof_area_m2": 1821.8, "height_m": 6.8, "building": "residential" }, "geometry": { "type": "Polygon", "coordinates": [ [ [ 150.996929787208728, -33.8055 ], [ 150.996929787208728, -33.805165193786351 ], [ 150.9964, -33.805165193786351 ], [ 150.9964, -33.8055 ], [ 150.996929787208728, -33.8055 ] ] ] } },
{ "type": "Feature", "properties": { "roof_area_m2": 1497.8, "height_m": 6.7, "building": "residential" }, "geometry": { "type": "Polygon", "coordinates": [ [ [ 150.996819118594772, -33.804 ], [ 150.996819118594772, -33.803652075178995 ], [ 150.9964, -33.803652075178995 ], [ 150.9964, -33.804 ], [ 150.996819118594772, -33.804 ] ] ] } },
{ "type": "Feature", "properties": { "roof_area_m2": 3680.6, "height_m": 8.7, "building": "residential" }, "geometry": { "type": "Polygon", "coordinates": [ [ [ 150.997073596315317, -33.8025 ], [ 150.997073596315317, -33.801968030693651 ], [ 150.9964, -33.801968030693651 ], [ 150.9964, -33.8025 ], [ 150.997073596315317, -33.8025 ] ] ] } },
{ "type": "Feature", "properties": { "roof_area_m2": 1392.2, "height_m": 6.7, "building": "residential" }, "geometry": { "type": "Polygon", "coordinates": [ [ [ 150.998529401905301, -33.828 ], [ 150.998529401905301, -33.827588397687244 ], [ 150.9982, -33.827588397687244 ], [ 150.9982, -33.828 ], [ 150.998529401905301, -33.828 ] ] ] } },
{ "type": "Feature", "properties": { "roof_area_m2": 2031.3, "height_m": 5.6, "building": "residential" }, "geometry": { "type": "Polygon", "coordinates": [ [ [ 150.998552664608923, -33.8265 ], [ 150.998552664608923, -33.825939087850607 ], [ 150.9982, -33.825939087850607 ], [ 150.9982, -33.8265 ], [ 150.998552664608923, -33.8265 ] ] ] } },
{ "type": "Feature", "properties": { "roof_area_m2": 1753.6, "height_m": 8.8, "building": "residential" }, "geometry": { "type": "Polygon", "coordinates": [ [ [ 150.998580331475495, -33.825 ], [ 150.998580331475495, -33.824551000437317 ], [ 150.9982, -33.824551000437317 ], [ 150.9982, -33.825 ], [ 150.998580331475495, -33.825 ] ] ] } },
{ "type": "Feature", "properties": { "roof_area_m2": 1666.5, "height_m": 6.5, "building": "residential" }, "geometry": { "type": "Polygon", "coordinates": [ [ [ 150.998506854877235, -33.8235 ], [ 150.998506854877235, -33.822971142103164 ], [ 150.9982, -33.822971142103164 ], [ 150.9982, -33.8235 ], [ 150.998506854877235, -33.8235 ] ] ] } },
{ "type": "Feature", "properties": { "roof_area_m2": 1751.6, "height_m": 7.7, "building": "residential" }, "geometry": { "type": "Polygon", "coordinates": [ [ [ 150.998724965815285, -33.822 ], [ 150.998724965815285, -33.821675083593739 ], [ 150.9982, -33.821675083593739 ], [ 150.9982, -33.822 ], [ 150.998724965815285, -33.822 ] ] ] } },
{ "type": "Feature", "properties": { "roof_area_m2": 2109.5, "height_m": 8.3, "building": "residential" }, "geometry": { "type": "Polygon", "coordinates": [ [ [ 150.998639432208194, -33.8205 ], [ 150.998639432208194, -33.820032537321566 ], [ 150.9982, -33.820032537321566 ], [ 150.9982, -33.8205 ], [ 150.998639432208194, -33.8205 ] ] ] } },
{ "type": "Feature", "properties": { "roof_area_m2": 9778.1, "height_m": 20.6, "building": "commercial" }, "geometry": { "type": "Polygon", "coordinates": [ [ [ 150.999373195861295, -33.819 ], [ 150.999373195861295, -33.818188406941495 ], [ 150.9982, -33.818188406941495 ], [ 150.9982, -33.819 ], [ 150.999373195861295, -33.819 ] ] ] } },
{ "type": "Feature", "properties": { "roof_area_m2": 5528.9, "height_m": 46.8, "building": "commercial" }, "geometry": { "type": "Polygon", "coordinates": [ [ [ 150.999050595301298, -33.8175 ], [ 150.999050595301298, -33.816867058252512 ], [ 150.9982, -33.816867058252512 ], [ 150.9982, -33.8175 ], [ 150.999050595301298, -33.8175 ] ] ] } },
{ "type": "Feature", "properties": { "roof_area_m2": 8886.2, "height_m": 34.9, "building": "commercial" }, "geometry": { "type": "Polygon", "coordinates": [ [ [ 150.999281977189924, -33.816 ], [ 150.999281977189924, -33.815200285832184 ], [ 150.9982, -33.815200285832184 ], [ 150.9982, -33.816 ], [ 150.999281977189924, -33.816 ] ] ] } },
{ "type": "Feature", "properties": { "roof_area_m2": 4779.2, "height_m": 36.5, "building": "commercial" }, "geometry": { "type": "Polygon", "coordinates": [ [ [ 150.998892662459724, -33.8145 ], [ 150.998892662459724, -33.81382816217419 ], [ 150.9982, -33.81382816217419 ], [ 150.9982, -33.8145 ], [ 150.998892662459724, -33.8145 ] ] ] } },
{ "type": "Feature", "properties": { "roof_area_m2": 4999.1, "height_m": 42.3, "building": "commercial" }, "geometry": { "type": "Polygon", "coordinates": [ [ [ 150.99914044441465, -33.813 ], [ 150.99914044441465, -33.812482416694294 ], [ 150.9982, -33.812482416694294 ], [ 150.9982, -33.813 ], [ 150.99914044441465, -33.813 ] ] ] } },
{ "type": "Feature", "properties": { "roof_area_m2": 6377.7, "height_m": 40.5, "building": "commercial" }, "geometry": { "type": "Polygon", "coordinates": [ [ [ 150.998978363593466, -33.8115 ], [ 150.998978363593466, -33.810702194661765 ], [ 150.9982, -33.810702194661765 ], [ 150.9982, -33.8115 ], [ 150.998978363593466, -33.8115 ] ] ] } },
{ "type": "Feature", "properties": { "roof_area_m2": 2515.8, "height_m": 7.6, "building": "residential" }, "geometry": { "type": "Polygon", "coordinates": [ [ [ 150.998690848072727, -33.81 ], [ 150.998690848072727, -33.809500955930353 ], [ 150.9982, -33.809500955930353 ], [ 150.9982, -33.81 ], [ 150.998690848072727, -33.81 ] ] ] } },
{ "type": "Feature", "properties": { "roof_area_m2": 2593.3, "height_m": 6.5, "building": "residential" }, "geometry": { "type": "Polygon", "coordinates": [ [ [ 150.998831002175365, -33.8085 ], [ 150.998831002175365, -33.808099856307393 ], [ 150.9982, -33.808099856307393 ], [ 150.9982, -33.8085 ], [ 150.998831002175365, -33.8085 ] ] ] } },
{ "type": "Feature", "properties": { "roof_area_m2": 1857.3, "height_m": 8.7, "building": "residential" }, "geometry": { "type": "Polygon", "coordinates": [ [ [ 150.99861507947594, -33.807 ], [ 150.99861507947594, -33.80656435309978 ], [ 150.9982, -33.80656435309978 ], [ 150.9982, -33.807 ], [ 150.99861507947594, -33.807 ] ] ] } },
{ "type": "Feature", "properties": { "roof_area_m2": 2325.7, "height_m": 6.0, "building": "residential" }, "geometry": { "type": "Polygon", "coordinates": [ [ [ 150.99858308059143, -33.8055 ], [ 150.99858308059143, -33.804908916903855 ], [ 150.9982, -33.804908916903855 ], [ 150.9982, -33.8055 ], [ 150.99858308059143, -33.8055 ] ] ] } },
{ "type": "Feature", "properties": { "roof_area_m2": 2416.3, "height_m": 5.9, "building": "residential" }, "geometry": { "type": "Polygon", "coordinates": [ [ [ 150.998702549245166, -33.804 ], [ 150.998702549245166, -33.803531892096871 ], [ 150.9982, -33.803531892096871 ], [ 150.9982, -33.804 ], [ 150.998702549245166, -33.804 ] ] ] } },
{ "type": "Feature", "properties": { "roof_area_m2": 1762.7, "height_m": 8.2, "building": "residential" }, "geometry": { "type": "Polygon", "coordinates": [ [ [ 150.998555988606768, -33.8025 ], [ 150.998555988606768, -33.802017925385442 ], [ 150.9982, -33.802017925385442 ], [ 150.9982, -33.8025 ], [ 150.998555988606768, -33.8025 ] ] ] } },
{ "type": "Feature", "properties": { "roof_area_m2": 1303.5, "height_m": 6.2, "building": "residential" }, "geometry": { "type": "Polygon", "coordinates": [ [ [ 151.000403065720519, -33.828 ], [ 151.000403065720519, -33.827685043698565 ], [ 151.0, -33.827685043698565 ], [ 151.0, -33.828 ], [ 151.000403065720519, -33.828 ] ] ] } },
{ "type": "Feature", "properties": { "roof_area_m2": 1643.6, "height_m": 5.9, "building": "residential" }, "geometry": { "type": "Polygon", "coordinates": [ [ [ 151.000418779600551, -33.8265 ], [ 151.000418779600551, -33.826117794569655 ], [ 151.0, -33.826117794569655 ], [ 151.0, -33.8265 ], [ 151.000418779600551, -33.8265 ] ] ] } },
{ "type": "Feature", "properties": { "roof_area_m2": 2000.4, "height_m": 7.9, "building": "residential" }, "geometry": { "type": "Polygon", "coordinates": [ [ [ 151.000644802573248, -33.825 ], [ 151.000644802573248, -33.824697885938761 ], [ 151.0, -33.824697885938761 ], [ 151.0, -33.825 ], [ 151.000644802573248, -33.825 ] ] ] } },
{ "type": "Feature", "properties": { "roof_area_m2": 2173.0, "height_m": 5.8, "building": "residential" }, "geometry": { "type": "Polygon", "coordinates": [ [ [ 151.000565640774369, -33.8235 ], [ 151.000565640774369, -33.823125894265431 ], [ 151.0, -33.823125894265431 ], [ 151.0, -33.8235 ], [ 151.000565640774369, -33.8235 ] ] ] } },
{ "type": "Feature", "properties": { "roof_area_m2": 1546.5, "height_m": 5.6, "building": "residential" }, "geometry": { "type": "Polygon", "coordinates": [ [ [ 151.000461022749136, -33.822 ], [ 151.000461022749136, -33.82167333113717 ], [ 151.0, -33.82167333113717 ], [ 151.0, -33.822 ], [ 151.000461022749136, -33.822 ] ] ] } },
{ "type": "Feature", "properties": { "roof_area_m2": 6158.3, "height_m": 18.6, "building": "commercial" }, "geometry": { "type": "Polygon", "coordinates": [ [ [ 151.001178465826257, -33.8205 ], [ 151.001178465826257, -33.819991129123977 ], [ 151.0, -33.819991129123977 ], [ 151.0, -33.8205 ], [ 151.001178465826257, -33.8205 ] ] ] } },
{ "type": "Feature", "properties": { "roof_area_m2": 5738.7, "height_m": 49.8, "building": "commercial" }, "geometry": { "type": "Polygon", "coordinates": [ [ [ 151.000656184856354, -33.819 ], [ 151.000656184856354, -33.818148389004747 ], [ 151.0, -33.818148389004747 ], [ 151.0, -33.819 ], [ 151.000656184856354, -33.819 ] ] ] } },
{ "type": "Feature", "properties": { "roof_area_m2": 6104.3, "height_m": 40.1, "building": "commercial" }, "geometry": { "type": "Polygon", "coordinates": [ [ [ 151.001119980317554, -33.8175 ], [ 151.001119980317554, -33.816969268189155 ], [ 151.0, -33.816969268189155 ], [ 151.0, -33.8175 ], [ 151.001119980317554, -33.8175 ] ] ] } },
{ "type": "Feature", "properties": { "roof_area_m2": 8648.1, "height_m": 46.0, "building": "commercial" }, "geometry": { "type": "Polygon", "coordinates": [ [ [ 151.000931435652518, -33.816 ], [ 151.000931435652518, -33.815095919559646 ], [ 151.0, -33.815095919559646 ], [ 151.0, -33.816 ], [ 151.000931435652518, -33.816 ] ] ] } },
{ "type": "Feature", "properties": { "roof_area_m2": 6380.0, "height_m": 28.0, "building": "commercial" }, "geometry": { "type": "Polygon", "coordinates": [ [ [ 151.000837912835152, -33.8145 ], [ 151.000837912835152, -33.81375860075233 ], [ 151.0, -33.81375860075233 ], [ 151.0, -33.8145 ], [ 151.000837912835152, -33.8145 ] ] ] } },
{ "type": "Feature", "properties": { "roof_area_m2": 8194.4, "height_m": 35.8, "building": "commercial" }, "geometry": { "type": "Polygon", "coordinates": [ [ [ 151.000969867945685, -33.813 ], [ 151.000969867945685, -33.812177323262588 ], [ 151.0, -33.812177323262588 ], [ 151.0, -33.813 ], [ 151.000969867945685, -33.813 ] ] ] } },
{ "type": "Feature", "properties": { "roof_area_m2": 10043.0, "height_m": 46.5, "building": "commercial" }, "geometry": { "type": "Polygon", "coordinates": [ [ [ 151.001154694956426, -33.8115 ], [ 151.001154694956426, -33.810653139311022 ], [ 151.0, -33.810653139311022 ], [ 151.0, -33.8115 ], [ 151.001154694956426, -33.8115 ] ] ] } },
{ "type": "Feature", "properties": { "roof_area_m2": 6873.2, "height_m": 27.4, "building": "commercial" }, "geometry": { "type": "Polygon", "coordinates": [ [ [ 151.000783723744547, -33.81 ], [ 151.000783723744547, -33.809146106217433 ], [ 151.0, -33.809146106217433 ], [ 151.0, -33.81 ], [ 151.000783723744547, -33.81 ] ] ] } },
{ "type": "Feature", "properties": { "roof_area_m2": 2802.7, "height_m": 8.0, "building": "residential" }, "geometry": { "type": "Polygon", "coordinates": [ [ [ 151.00069179426356, -33.8085 ], [ 151.00069179426356, -33.80810554605192 ], [ 151.0, -33.80810554605192 ], [ 151.0, -33.8085 ], [ 151.00069179426356, -33.8085 ] ] ] } },
{ "type": "Feature", "properties": { "roof_area_m2": 1114.2, "height_m": 5.6, "building": "residential" }, "geometry": { "type": "Polygon", "coordinates": [ [ [ 151.000304151785258, -33.807 ], [ 151.000304151785258, -33.806643321070304 ], [ 151.0, -33.806643321070304 ], [ 151.0, -33.807 ], [ 151.000304151785258, -33.807 ] ] ] } },
{ "type": "Feature", "properties": { "roof_area_m2": 1617.4, "height_m": 5.7, "building": "residential" }, "geometry": { "type": "Polygon", "coordinates": [ [ [ 151.000419693390285, -33.8055 ], [ 151.000419693390285, -33.805124780294946 ], [ 151.0, -33.805124780294946 ], [ 151.0, -33.8055 ], [ 151.000419693390285, -33.8055 ] ] ] } },
{ "type": "Feature", "properties": { "roof_area_m2": 1799.9, "height_m": 8.6, "building": "residential" }, "geometry": { "type": "Polygon", "coordinates": [ [ [ 151.000499093506392, -33.804 ], [ 151.000499093506392, -33.803648881972606 ], [ 151.0, -33.803648881972606 ], [ 151.0, -33.804 ], [ 151.000499093506392, -33.804 ] ] ] } },
{ "type": "Feature", "properties": { "roof_area_m2": 3583.7, "height_m": 7.2, "building": "residential" }, "geometry": { "type": "Polygon", "coordinates": [ [ [ 151.000636090263157, -33.8025 ], [ 151.000636090263157, -33.801951494407646 ], [ 151.0, -33.801951494407646 ], [ 151.0, -33.8025 ], [ 151.000636090263157, -33.8025 ] ] ] } },
{ "type": "Feature", "properties": { "roof_area_m2": 2513.9, "height_m": 6.5, "building": "residential" }, "geometry": { "type": "Polygon", "coordinates": [ [ [ 151.002460771167506, -33.828 ], [ 151.002460771167506, -33.827629492984499 ], [ 151.0018, -33.827629492984499 ], [ 151.0018, -33.828 ], [ 151.002460771167506, -33.828 ] ] ] } },
{ "type": "Feature", "properties": { "roof_area_m2": 2506.0, "height_m": 6.4, "building": "residential" }, "geometry": { "type": "Polygon", "coordinates": [ [ [ 151.002233555104539, -33.8265 ], [ 151.002233555104539, -33.825937091733365 ], [ 151.0018, -33.825937091733365 ], [ 151.0018, -33.8265 ], [ 151.002233555104539, -33.8265 ] ] ] } },
{ "type": "Feature", "properties": { "roof_area_m2": 2358.0, "height_m": 7.1, "building": "residential" }, "geometry": { "type": "Polygon", "coordinates": [ [ [ 151.002289799583139, -33.825 ], [ 151.002289799583139, -33.82453117435653 ], [ 151.0018, -33.82453117435653 ], [ 151.0018, -33.825 ], [ 151.002289799583139, -33.825 ] ] ] } },
{ "type": "Feature", "properties": { "roof_area_m2": 2475.4, "height_m": 7.7, "building": "residential" }, "geometry": { "type": "Polygon", "coordinates": [ [ [ 151.0023840532034, -33.8235 ], [ 151.0023840532034, -33.823087259573825 ], [ 151.0018, -33.823087259573825 ], [ 151.0018, -33.8235 ], [ 151.0023840532034, -33.8235 ] ] ] } },
{ "type": "Feature", "properties": { "roof_area_m2": 10356.3, "height_m": 27.5, "building": "commercial" }, "geometry": { "type": "Polygon", "coordinates": [ [ [ 151.002852017645552, -33.822 ], [ 151.002852017645552, -33.821041368362046 ], [ 151.0018, -33.821041368362046 ], [ 151.0018, -33.822 ], [ 151.002852017645552, -33.822 ] ] ] } },
{ "type": "Feature", "properties": { "roof_area_m2": 6783.7, "height_m": 36.4, "building": "commercial" }, "geometry": { "type": "Polygon", "coordinates": [ [ [ 151.002461289918131, -33.8205 ], [ 151.002461289918131, -33.819501066109048 ], [ 151.0018, -33.819501066109048 ], [ 151.0018, -33.8205 ], [ 151.002461289918131, -33.8205 ] ] ] } },
{ "type": "Feature", "properties": { "roof_area_m2": 11818.9, "height_m": 33.7, "building": "commercial" }, "geometry": { "type": "Polygon", "coordinates": [ [ [ 151.002986095614773, -33.819 ], [ 151.002986095614773, -33.818029690734129 ], [ 151.0018, -33.818029690734129 ], [ 151.0018, -33.819 ], [ 151.002986095614773, -33.819 ] ] ] } },
{ "type": "Feature", "properties": { "roof_area_m2": 6173.0, "height_m": 35.8, "building": "commercial" }, "geometry": { "type": "Polygon", "coordinates": [ [ [ 151.00263268397461, -33.8175 ], [ 151.00263268397461, -33.816778128667259 ], [ 151.0018, -33.816778128667259 ], [ 151.0018, -33.8175 ], [ 151.00263268397461, -33.8175 ] ] ] } },
{ "type": "Feature", "properties": { "roof_area_m2": 6333.0, "height_m": 54.5, "building": "commercial" }, "geometry": { "type": "Polygon", "coordinates": [ [ [ 151.002776529258, -33.816 ], [ 151.002776529258, -33.815368510424733 ], [ 151.0018, -33.815368510424733 ], [ 151.0018, -33.816 ], [ 151.002776529258, -33.816 ] ] ] } },
{ "type": "Feature", "properties": { "roof_area_m2": 3617.8, "height_m": 41.0, "building": "commercial" }, "geometry": { "type": "Polygon", "coordinates": [ [ [ 151.002424883991608, -33.8145 ], [ 151.002424883991608, -33.813936256562187 ], [ 151.0018, -33.813936256562187 ], [ 151.0018, -33.8145 ], [ 151.002424883991608, -33.8145 ] ] ] } },
{ "type": "Feature", "properties": { "roof_area_m2": 11498.1, "height_m": 36.4, "building": "commercial" }, "geometry": { "type": "Polygon", "coordinates": [ [ [ 151.002923712985989, -33.813 ], [ 151.002923712985989, -33.812003693528318 ], [ 151.0018, -33.812003693528318 ], [ 151.0018, -33.813 ], [ 151.002923712985989, -33.813 ] ] ] } },
{ "type": "Feature", "properties": { "roof_area_m2": 9956.8, "height_m": 25.3, "building": "commercial" }, "geometry": { "type": "Polygon", "coordinates": [ [ [ 151.002940384754055, -33.8115 ], [ 151.002940384754055, -33.810649873327918 ], [ 151.0018, -33.810649873327918 ], [ 151.0018, -33.8115 ], [ 151.002940384754055, -33.8115 ] ] ] } },
{ "type": "Feature", "properties": { "roof_area_m2": 6468.6, "height_m": 33.6, "building": "commercial" }, "geometry": { "type": "Polygon", "coordinates": [ [ [ 151.002954927880296, -33.81 ], [ 151.002954927880296, -33.809454658670383 ], [ 151.0018, -33.809454658670383 ], [ 151.0018, -33.81 ], [ 151.002954927880296, -33.81 ] ] ] } },
{ "type": "Feature", "properties": { "roof_area_m2": 9186.4, "height_m": 51.2, "building": "commercial" }, "geometry": { "type": "Polygon", "coordinates": [ [ [ 151.002879324677878, -33.8085 ], [ 151.002879324677878, -33.807671299648767 ], [ 151.0018, -33.807671299648767 ], [ 151.0018, -33.8085 ], [ 151.002879324677878, -33.8085 ] ] ] } },
{ "type": "Feature", "properties": { "roof_area_m2": 1819.4, "height_m": 6.7, "building": "residential" }, "geometry": { "type": "Polygon", "coordinates": [ [ [ 151.002173276887248, -33.807 ], [ 151.002173276887248, -33.806525445099176 ], [ 151.0018, -33.806525445099176 ], [ 151.0018, -33.807 ], [ 151.002173276887248, -33.807 ] ] ] } },
{ "type": "Feature", "properties": { "roof_area_m2": 1847.7, "height_m": 8.9, "building": "residential" }, "geometry": { "type": "Polygon", "coordinates": [ [ [ 151.002229582198169, -33.8055 ], [ 151.002229582198169, -33.805081239250129 ], [ 151.0018, -33.805081239250129 ], [ 151.0018, -33.8055 ], [ 151.002229582198169, -33.8055 ] ] ] } },
{ "type": "Feature", "properties": { "roof_area_m2": 2816.1, "height_m": 6.9, "building": "residential" }, "geometry": { "type": "Polygon", "coordinates": [ [ [ 151.002428978114438, -33.804 ], [ 151.002428978114438, -33.803564093976455 ], [ 151.0018, -33.803564093976455 ], [ 151.0018, -33.804 ], [ 151.002428978114438, -33.804 ] ] ] } },
{ "type": "Feature", "properties": { "roof_area_m2": 2391.1, "height_m": 6.7, "building": "residential" }, "geometry": { "type": "Polygon", "coordinates": [ [ [ 151.002328460925014, -33.8025 ], [ 151.002328460925014, -33.802059490045579 ], [ 151.0018, -33.802059490045579 ], [ 151.0018, -33.8025 ], [ 151.002328460925014, -33.8025 ] ] ] } },
{ "type": "Feature", "properties": { "roof_area_m2": 3476.3, "height_m": 6.7, "building": "residential" }, "geometry": { "type": "Polygon", "coordinates": [ [ [ 151.004239560840006, -33.828 ], [ 151.004239560840006, -33.827470657636326 ], [ 151.0036, -33.827470657636326 ], [ 151.0036, -33.828 ], [ 151.004239560840006, -33.828 ] ] ] } },
{ "type": "Feature", "properties": { "roof_area_m2": 2179.1, "height_m": 7.8, "building": "residential" }, "geometry": { "type": "Polygon", "coordinates": [ [ [ 151.004092109022025, -33.8265 ], [ 151.004092109022025, -33.82606877683088 ], [ 151.0036, -33.82606877683088 ], [ 151.0036, -33.8265 ], [ 151.004092109022025, -33.8265 ] ] ] } },
{ "type": "Feature", "properties": { "roof_area_m2": 3123.9, "height_m": 8.4, "building": "residential" }, "geometry": { "type": "Polygon", "coordinates": [ [ [ 151.004111279583469, -33.825 ], [ 151.004111279583469, -33.82440499632024 ], [ 151.0036, -33.82440499632024 ], [ 151.0036, -33.825 ], [ 151.004111279583469, -33.825 ] ] ] } },
{ "type": "Feature", "properties": { "roof_area_m2": 1906.9, "height_m": 7.7, "building": "residential" }, "geometry": { "type": "Polygon", "coordinates": [ [ [ 151.004059554868917, -33.8235 ], [ 151.004059554868917, -33.823095911204042 ], [ 151.0036, -33.823095911204042 ], [ 151.0036, -33.8235 ], [ 151.004059554868917, -33.8235 ] ] ] } },
{ "type": "Feature", "properties": { "roof_area_m2": 6463.6, "height_m": 47.6, "building": "commercial" }, "geometry": { "type": "Polygon", "coordinates": [ [ [ 151.004487473918999, -33.822 ], [ 151.004487473918999, -33.821290768146753 ], [ 151.0036, -33.821290768146753 ], [ 151.0036, -33.822 ], [ 151.004487473918999, -33.822 ] ] ] } },
{ "type": "Feature", "properties": { "roof_area_m2": 10569.6, "height_m": 40.4, "building": "commercial" }, "geometry": { "type": "Polygon", "coordinates": [ [ [ 151.004722017875309, -33.8205 ], [ 151.004722017875309, -33.819582679603407 ], [ 151.0036, -33.819582679603407 ], [ 151.0036, -33.8205 ], [ 151.004722017875309, -33.8205 ] ] ] } },
{ "type": "Feature", "properties": { "roof_area_m2": 7665.0, "height_m": 31.8, "building": "commercial" }, "geometry": { "type": "Polygon", "coordinates": [ [ [ 151.004413022136646, -33.819 ], [ 151.004413022136646, -33.818081952440224 ], [ 151.0036, -33.818081952440224 ], [ 151.0036, -33.819 ], [ 151.004413022136646, -33.819 ] ] ] } },
{ "type": "Feature", "properties": { "roof_area_m2": 5239.8, "height_m": 46.3, "building": "commercial" }, "geometry": { "type": "Polygon", "coordinates": [ [ [ 151.004360448751498, -33.8175 ], [ 151.004360448751498, -33.816829044540377 ], [ 151.0036, -33.816829044540377 ], [ 151.0036, -33.8175 ], [ 151.004360448751498, -33.8175 ] ] ] } },
{ "type": "Feature", "properties": { "roof_area_m2": 6652.1, "height_m": 42.6, "building": "commercial" }, "geometry": { "type": "Polygon", "coordinates": [ [ [ 151.00478299731941, -33.816 ], [ 151.00478299731941, -33.815452460369336 ], [ 151.0036, -33.815452460369336 ], [ 151.0036, -33.816 ], [ 151.00478299731941, -33.816 ] ] ] } },
{ "type": "Feature", "properties": { "roof_area_m2": 8205.3, "height_m": 42.2, "building": "commercial" }, "geometry": { "type": "Polygon", "coordinates": [ [ [ 151.004665823502791, -33.8145 ], [ 151.004665823502791, -33.813750381936195 ], [ 151.0036, -33.813750381936195 ], [ 151.0036, -33.8145 ], [ 151.004665823502791, -33.8145 ] ] ] } },
{ "type": "Feature", "properties": { "roof_area_m2": 6907.3, "height_m": 18.7, "building": "commercial" }, "geometry": { "type": "Polygon", "coordinates": [ [ [ 151.004518043136216, -33.813 ], [ 151.004518043136216, -33.812267391909067 ], [ 151.0036, -33.812267391909067 ], [ 151.0036, -33.813 ], [ 151.004518043136216, -33.813 ] ] ] } },
{ "type": "Feature", "properties": { "roof_area_m2": 7189.5, "height_m": 46.9, "building": "commercial" }, "geometry": { "type": "Polygon", "coordinates": [ [ [ 151.004577801910671, -33.8115 ], [ 151.004577801910671, -33.810784077134031 ], [ 151.0036, -33.810784077134031 ], [ 151.0036, -33.8115 ], [ 151.004577801910671, -33.8115 ] ] ] } },
{ "type": "Feature", "properties": { "roof_area_m2": 4932.7, "height_m": 27.3, "building": "commercial" }, "geometry": { "type": "Polygon", "coordinates": [ [ [ 151.004431821246556, -33.81 ], [ 151.004431821246556, -33.809422611397906 ], [ 151.0036, -33.809422611397906 ], [ 151.0036, -33.81 ], [ 151.004431821246556, -33.81 ] ] ] } },
{ "type": "Feature", "properties": { "roof_area_m2": 8161.3, "height_m": 42.1, "building": "commercial" }, "geometry": { "type": "Polygon", "coordinates": [ [ [ 151.004719691164468, -33.8085 ], [ 151.004719691164468, -33.807790314044901 ], [ 151.0036, -33.807790314044901 ], [ 151.0036, -33.8085 ], [ 151.004719691164468, -33.8085 ] ] ] } },
{ "type": "Feature", "properties": { "roof_area_m2": 1718.7, "height_m": 7.5, "building": "residential" }, "geometry": { "type": "Polygon", "coordinates": [ [ [ 151.004007470421044, -33.807 ], [ 151.004007470421044, -33.806589325263865 ], [ 151.0036, -33.806589325263865 ], [ 151.0036, -33.807 ], [ 151.004007470421044, -33.807 ] ] ] } },
{ "type": "Feature", "properties": { "roof_area_m2": 1810.9, "height_m": 5.8, "building": "residential" }, "geometry": { "type": "Polygon", "coordinates": [ [ [ 151.004127744719426, -33.8055 ], [ 151.004127744719426, -33.805165916615536 ], [ 151.0036, -33.805165916615536 ], [ 151.0036, -33.8055 ], [ 151.004127744719426, -33.8055 ] ] ] } },
{ "type": "Feature", "properties": { "roof_area_m2": 1471.1, "height_m": 7.5, "building": "residential" }, "geometry": { "type": "Polygon", "coordinates": [ [ [ 151.003948253050282, -33.804 ], [ 151.003948253050282, -33.803588717746202 ], [ 151.0036, -33.803588717746202 ], [ 151.0036, -33.804 ], [ 151.003948253050282, -33.804 ] ] ] } },
{ "type": "Feature", "properties": { "roof_area_m2": 2535.6, "height_m": 8.2, "building": "residential" }, "geometry": { "type": "Polygon", "coordinates": [ [ [ 151.004059018178992, -33.8025 ], [ 151.004059018178992, -33.801962192528556 ], [ 151.0036, -33.801962192528556 ], [ 151.0036, -33.8025 ], [ 151.004059018178992, -33.8025 ] ] ] } },
{ "type": "Feature", "properties": { "roof_area_m2": 2706.5, "height_m": 6.0, "building": "residential" }, "geometry": { "type": "Polygon", "coordinates": [ [ [ 151.006027333663781, -33.828 ], [ 151.006027333663781, -33.827579839998691 ], [ 151.0054, -33.827579839998691 ], [ 151.0054, -33.828 ], [ 151.006027333663781, -33.828 ] ] ] } },
{ "type": "Feature", "properties": { "roof_area_m2": 2493.8, "height_m": 5.9, "building": "residential" }, "geometry": { "type": "Polygon", "coordinates": [ [ [ 151.005902850972006, -33.8265 ], [ 151.005902850972006, -33.826017031826467 ], [ 151.0054, -33.826017031826467 ], [ 151.0054, -33.8265 ], [ 151.005902850972006, -33.8265 ] ] ] } },
{ "type": "Feature", "properties": { "roof_area_m2": 2050.9, "height_m": 6.7, "building": "residential" }, "geometry": { "type": "Polygon", "coordinates": [ [ [ 151.005941340533298, -33.825 ], [ 151.005941340533298, -33.824631054742021 ], [ 151.0054, -33.824631054742021 ], [ 151.0054, -33.825 ], [ 151.005941340533298, -33.825 ] ] ] } },
{ "type": "Feature", "properties": { "roof_area_m2": 1425.0, "height_m": 5.9, "building": "residential" }, "geometry": { "type": "Polygon", "coordinates": [ [ [ 151.005766221129846, -33.8235 ], [ 151.005766221129846, -33.823121081457415 ], [ 151.0054, -33.823121081457415 ], [ 151.0054, -33.8235 ], [ 151.005766221129846, -33.8235 ] ] ] } },
{ "type": "Feature", "properties": { "roof_area_m2": 6055.3, "height_m": 27.5, "building": "commercial" }, "geometry": { "type": "Polygon", "coordinates": [ [ [ 151.006133477099297, -33.822 ], [ 151.006133477099297, -33.821196061413062 ], [ 151.0054, -33.821196061413062 ], [ 151.0054, -33.822 ], [ 151.006133477099297, -33.822 ] ] ] } },
{ "type": "Feature", "properties": { "roof_area_m2": 5027.8, "height_m": 30.4, "building": "commercial" }, "geometry": { "type": "Polygon", "coordinates": [ [ [ 151.006228737115578, -33.8205 ], [ 151.006228737115578, -33.819909225254477 ], [ 151.0054, -33.819909225254477 ], [ 151.0054, -33.8205 ], [ 151.006228737115578, -33.8205 ] ] ] } },
{ "type": "Feature", "properties": { "roof_area_m2": 9837.4, "height_m": 34.8, "building": "commercial" }, "geometry": { "type": "Polygon", "coordinates": [ [ [ 151.006572927090417, -33.819 ], [ 151.006572927090417, -33.81818329302407 ], [ 151.0054, -33.81818329302407 ], [ 151.0054, -33.819 ], [ 151.006572927090417, -33.819 ] ] ] } },
{ "type": "Feature", "properties": { "roof_area_m2": 7167.1, "height_m": 46.6, "building": "commercial" }, "geometry": { "type": "Polygon", "coordinates": [ [ [ 151.006407233418571, -33.8175 ], [ 151.006407233418571, -33.81680711830105 ], [ 151.0054, -33.81680711830105 ], [ 151.0054, -33.8175 ], [ 151.006407233418571, -33.8175 ] ] ] } },
{ "type": "Feature", "properties": { "roof_area_m2": 6546.6, "height_m": 44.3, "building": "commercial" }, "geometry": { "type": "Polygon", "coordinates": [ [ [ 151.006461636802243, -33.816 ], [ 151.006461636802243, -33.815399544448674 ], [ 151.0054, -33.815399544448674 ], [ 151.0054, -33.816 ], [ 151.006461636802243, -33.816 ] ] ] } },
{ "type": "Feature", "properties": { "roof_area_m2": 8497.2, "height_m": 53.1, "building": "commercial" }, "geometry": { "type": "Polygon", "coordinates": [ [ [ 151.006417199284641, -33.8145 ], [ 151.006417199284641, -33.813686600986905 ], [ 151.0054, -33.813686600986905 ], [ 151.0054, -33.8145 ], [ 151.006417199284641, -33.8145 ] ] ] } },
{ "type": "Feature", "properties": { "roof_area_m2": 7586.0, "height_m": 28.2, "building": "commercial" }, "geometry": { "type": "Polygon", "coordinates": [ [ [ 151.006265394950503, -33.813 ], [ 151.006265394950503, -33.812146454978574 ], [ 151.0054, -33.812146454978574 ], [ 151.0054, -33.813 ], [ 151.006265394950503, -33.813 ] ] ] } },
{ "type": "Feature", "properties": { "roof_area_m2": 5053.0, "height_m": 27.0, "building": "commercial" }, "geometry": { "type": "Polygon", "coordinates": [ [ [ 151.006120831562214, -33.8115 ], [ 151.006120831562214, -33.810817448601526 ], [ 151.0054, -33.810817448601526 ], [ 151.0054, -33.8115 ], [ 151.006120831562214, -33.8115 ] ] ] } },
{ "type": "Feature", "properties": { "roof_area_m2": 6891.4, "height_m": 33.4, "building": "commercial" }, "geometry": { "type": "Polygon", "coordinates": [ [ [ 151.006241588265112, -33.81 ], [ 151.006241588265112, -33.809202707007238 ], [ 151.0054, -33.809202707007238 ], [ 151.0054, -33.81 ], [ 151.006241588265112, -33.81 ] ] ] } },
{ "type": "Feature", "properties": { "roof_area_m2": 7108.2, "height_m": 37.3, "building": "commercial" }, "geometry": { "type": "Polygon", "coordinates": [ [ [ 151.006356176113457, -33.8085 ], [ 151.006356176113457, -33.807776192439036 ], [ 151.0054, -33.807776192439036 ], [ 151.0054, -33.8085 ], [ 151.006356176113457, -33.8085 ] ] ] } },
{ "type": "Feature", "properties": { "roof_area_m2": 2445.4, "height_m": 6.5, "building": "residential" }, "geometry": { "type": "Polygon", "coordinates": [ [ [ 151.005869323948446, -33.807 ], [ 151.005869323948446, -33.806492695987295 ], [ 151.0054, -33.806492695987295 ], [ 151.0054, -33.807 ], [ 151.005869323948446, -33.807 ] ] ] } },
{ "type": "Feature", "properties": { "roof_area_m2": 3687.6, "height_m": 7.0, "building": "residential" }, "geometry": { "type": "Polygon", "coordinates": [ [ [ 151.006080059882237, -33.8055 ], [ 151.006080059882237, -33.804972056151044 ], [ 151.0054, -33.804972056151044 ], [ 151.0054, -33.8055 ], [ 151.006080059882237, -33.8055 ] ] ] } },
{ "type": "Feature", "properties": { "roof_area_m2": 2838.6, "height_m": 8.4, "building": "residential" }, "geometry": { "type": "Polygon", "coordinates": [ [ [ 151.005891481360379, -33.804 ], [ 151.005891481360379, -33.803437677536884 ], [ 151.0054, -33.803437677536884 ], [ 151.0054, -33.804 ], [ 151.005891481360379, -33.804 ] ] ] } },
{ "type": "Feature", "properties": { "roof_area_m2": 1938.5, "height_m": 9.0, "building": "residential" }, "geometry": { "type": "Polygon", "coordinates": [ [ [ 151.00596708037898, -33.8025 ], [ 151.00596708037898, -33.802167188192008 ], [ 151.0054, -33.802167188192008 ], [ 151.0054, -33.8025 ], [ 151.00596708037898, -33.8025 ] ] ] } },
{ "type": "Feature", "properties": { "roof_area_m2": 2743.4, "height_m": 6.7, "building": "residential" }, "geometry": { "type": "Polygon", "coordinates": [ [ [ 151.007852879840016, -33.828 ], [ 151.007852879840016, -33.827590772430483 ], [ 151.0072, -33.827590772430483 ], [ 151.0072, -33.828 ], [ 151.007852879840016, -33.828 ] ] ] } },
{ "type": "Feature", "properties": { "roof_area_m2": 2020.7, "height_m": 8.9, "building": "residential" }, "geometry": { "type": "Polygon", "coordinates": [ [ [ 151.007819987470981, -33.8265 ], [ 151.007819987470981, -33.826182589682134 ], [ 151.0072, -33.826182589682134 ], [ 151.0072, -33.8265 ], [ 151.007819987470981, -33.8265 ] ] ] } },
{ "type": "Feature", "properties": { "roof_area_m2": 1859.4, "height_m": 7.6, "building": "residential" }, "geometry": { "type": "Polygon", "coordinates": [ [ [ 151.007789821322348, -33.825 ], [ 151.007789821322348, -33.82469300079952 ], [ 151.0072, -33.82469300079952 ], [ 151.0072, -33.825 ], [ 151.007789821322348, -33.825 ] ] ] } },
{ "type": "Feature", "properties": { "roof_area_m2": 2216.6, "height_m": 8.6, "building": "residential" }, "geometry": { "type": "Polygon", "coordinates": [ [ [ 151.0075668388493, -33.8235 ], [ 151.0075668388493, -33.822911582951477 ], [ 151.0072, -33.822911582951477 ], [ 151.0072, -33.8235 ], [ 151.0075668388493, -33.8235 ] ] ] } },
{ "type": "Feature", "properties": { "roof_area_m2": 5907.5, "height_m": 26.6, "building": "commercial" }, "geometry": { "type": "Polygon", "coordinates": [ [ [ 151.008201722841136, -33.822 ], [ 151.008201722841136, -33.821425710255575 ], [ 151.0072, -33.821425710255575 ], [ 151.0072, -33.822 ], [ 151.008201722841136, -33.822 ] ] ] } },
{ "type": "Feature", "properties": { "roof_area_m2": 5987.4, "height_m": 32.8, "building": "commercial" }, "geometry": { "type": "Polygon", "coordinates": [ [ [ 151.0078251414146, -33.8205 ], [ 151.0078251414146, -33.819567332552673 ], [ 151.0072, -33.819567332552673 ], [ 151.0072, -33.8205 ], [ 151.0078251414146, -33.8205 ] ] ] } },
{ "type": "Feature", "properties": { "roof_area_m2": 7752.9, "height_m": 23.0, "building": "commercial" }, "geometry": { "type": "Polygon", "coordinates": [ [ [ 151.008172637868199, -33.819 ], [ 151.008172637868199, -33.818223804244013 ], [ 151.0072, -33.818223804244013 ], [ 151.0072, -33.819 ], [ 151.008172637868199, -33.819 ] ] ] } },
{ "type": "Feature", "properties": { "roof_area_m2": 5233.2, "height_m": 47.1, "building": "commercial" }, "geometry": { "type": "Polygon", "coordinates": [ [ [ 151.007828290738104, -33.8175 ], [ 151.007828290738104, -33.816688942709966 ], [ 151.0072, -33.816688942709966 ], [ 151.0072, -33.8175 ], [ 151.007828290738104, -33.8175 ] ] ] } },
{ "type": "Feature", "properties": { "roof_area_m2": 4873.7, "height_m": 46.8, "building": "commercial" }, "geometry": { "type": "Polygon", "coordinates": [ [ [ 151.007919455704524, -33.816 ], [ 151.007919455704524, -33.815340372250866 ], [ 151.0072, -33.815340372250866 ], [ 151.0072, -33.816 ], [ 151.007919455704524, -33.816 ] ] ] } },
{ "type": "Feature", "properties": { "roof_area_m2": 7157.7, "height_m": 51.4, "building": "commercial" }, "geometry": { "type": "Polygon", "coordinates": [ [ [ 151.008166979895549, -33.8145 ], [ 151.008166979895549, -33.81377923779425 ], [ 151.0072, -33.81377923779425 ], [ 151.0072, -33.8145 ], [ 151.008166979895549, -33.8145 ] ] ] } },
{ "type": "Feature", "properties": { "roof_area_m2": 7519.1, "height_m": 28.4, "building": "commercial" }, "geometry": { "type": "Polygon", "coordinates": [ [ [ 151.008278121017895, -33.813 ], [ 151.008278121017895, -33.812320909050328 ], [ 151.0072, -33.812320909050328 ], [ 151.0072, -33.813 ], [ 151.008278121017895, -33.813 ] ] ] } },
{ "type": "Feature", "properties": { "roof_area_m2": 6772.8, "height_m": 38.2, "building": "commercial" }, "geometry": { "type": "Polygon", "coordinates": [ [ [ 151.008119128613799, -33.8115 ], [ 151.008119128613799, -33.810782517613191 ], [ 151.0072, -33.810782517613191 ], [ 151.0072, -33.8115 ], [ 151.008119128613799, -33.8115 ] ] ] } },
{ "type": "Feature", "properties": { "roof_area_m2": 3713.9, "height_m": 50.9, "building": "commercial" }, "geometry": { "type": "Polygon", "coordinates": [ [ [ 151.007892323080938, -33.81 ], [ 151.007892323080938, -33.809477683449529 ], [ 151.0072, -33.809477683449529 ], [ 151.0072, -33.81 ], [ 151.007892323080938, -33.81 ] ] ] } },
{ "type": "Feature", "properties": { "roof_area_m2": 7895.9, "height_m": 23.0, "building": "commercial" }, "geometry": { "type": "Polygon", "coordinates": [ [ [ 151.0083742893965, -33.8085 ], [ 151.0083742893965, -33.807845320376025 ], [ 151.0072, -33.807845320376025 ], [ 151.0072, -33.8085 ], [ 151.0083742893965, -33.8085 ] ] ] } },
{ "type": "Feature", "properties": { "roof_area_m2": 2169.6, "height_m": 8.1, "building": "residential" }, "geometry": { "type": "Polygon", "coordinates": [ [ [ 151.007587579307426, -33.807 ], [ 151.007587579307426, -33.80645497591474 ], [ 151.0072, -33.80645497591474 ], [ 151.0072, -33.807 ], [ 151.007587579307426, -33.807 ] ] ] } },
{ "type": "Feature", "properties": { "roof_area_m2": 1471.3, "height_m": 5.7, "building": "residential" }, "geometry": { "type": "Polygon", "coordinates": [ [ [ 151.007522568089314, -33.8055 ], [ 151.007522568089314, -33.805055898359718 ], [ 151.0072, -33.805055898359718 ], [ 151.0072, -33.8055 ], [ 151.007522568089314, -33.8055 ] ] ] } },
{ "type": "Feature", "properties": { "roof_area_m2": 1764.5, "height_m": 5.9, "building": "residential" }, "geometry": { "type": "Polygon", "coordinates": [ [ [ 151.007513652202306, -33.804 ], [ 151.007513652202306, -33.803452285827412 ], [ 151.0072, -33.803452285827412 ], [ 151.0072, -33.804 ], [ 151.007513652202306, -33.804 ] ] ] } },
{ "type": "Feature", "properties": { "roof_area_m2": 1374.1, "height_m": 8.4, "building": "residential" }, "geometry": { "type": "Polygon", "coordinates": [ [ [ 151.007517880541229, -33.8025 ], [ 151.007517880541229, -33.802079140883883 ], [ 151.0072, -33.802079140883883 ], [ 151.0072, -33.8025 ], [ 151.007517880541229, -33.8025 ] ] ] } },
{ "type": "Feature", "properties": { "roof_area_m2": 2324.5, "height_m": 7.3, "building": "residential" }, "geometry": { "type": "Polygon", "coordinates": [ [ [ 151.009648403810445, -33.828 ], [ 151.009648403810445, -33.827650869222481 ], [ 151.009, -33.827650869222481 ], [ 151.009, -33.828 ], [ 151.009648403810445, -33.828 ] ] ] } },
{ "type": "Feature", "properties": { "roof_area_m2": 2095.1, "height_m": 6.1, "building": "residential" }, "geometry": { "type": "Polygon", "coordinates": [ [ [ 151.009563214885361, -33.8265 ], [ 151.009563214885361, -33.826137737582584 ], [ 151.009, -33.826137737582584 ], [ 151.009, -33.8265 ], [ 151.009563214885361, -33.8265 ] ] ] } },
{ "type": "Feature", "properties": { "roof_area_m2": 2300.0, "height_m": 6.4, "building": "residential" }, "geometry": { "type": "Polygon", "coordinates": [ [ [ 151.009613290743033, -33.825 ], [ 151.009613290743033, -33.824634777573181 ], [ 151.009, -33.824634777573181 ], [ 151.009, -33.825 ], [ 151.009613290743033, -33.825 ] ] ] } },
{ "type": "Feature", "properties": { "roof_area_m2": 1716.0, "height_m": 7.0, "building": "residential" }, "geometry": { "type": "Polygon", "coordinates": [ [ [ 151.009330402120696, -33.8235 ], [ 151.009330402120696, -33.822994219042045 ], [ 151.009, -33.822994219042045 ], [ 151.009, -33.8235 ], [ 151.009330402120696, -33.8235 ] ] ] } },
{ "type": "Feature", "properties": { "roof_area_m2": 1960.2, "height_m": 8.5, "building": "residential" }, "geometry": { "type": "Polygon", "coordinates": [ [ [ 151.009486423136252, -33.822 ], [ 151.009486423136252, -33.821607579354875 ], [ 151.009, -33.821607579354875 ], [ 151.009, -33.822 ], [ 151.009486423136252, -33.822 ] ] ] } },
{ "type": "Feature", "properties": { "roof_area_m2": 6227.3, "height_m": 49.9, "building": "commercial" }, "geometry": { "type": "Polygon", "coordinates": [ [ [ 151.009674287743252, -33.8205 ], [ 151.009674287743252, -33.819600669875534 ], [ 151.009, -33.819600669875534 ], [ 151.009, -33.8205 ], [ 151.009674287743252, -33.8205 ] ] ] } },
{ "type": "Feature", "properties": { "roof_area_m2": 9069.8, "height_m": 25.4, "building": "commercial" }, "geometry": { "type": "Polygon", "coordinates": [ [ [ 151.010159342200268, -33.819 ], [ 151.010159342200268, -33.818238196530018 ], [ 151.009, -33.818238196530018 ], [ 151.009, -33.819 ], [ 151.010159342200268, -33.819 ] ] ] } },
{ "type": "Feature", "properties": { "roof_area_m2": 9367.5, "height_m": 23.5, "building": "commercial" }, "geometry": { "type": "Polygon", "coordinates": [ [ [ 151.01012965531919, -33.8175 ], [ 151.01012965531919, -33.81669253150983 ], [ 151.009, -33.81669253150983 ], [ 151.009, -33.8175 ], [ 151.01012965531919, -33.8175 ] ] ] } },
{ "type": "Feature", "properties": { "roof_area_m2": 6125.3, "height_m": 32.7, "building": "commercial" }, "geometry": { "type": "Polygon", "coordinates": [ [ [ 151.009830075062098, -33.816 ], [ 151.009830075062098, -33.815281453643109 ], [ 151.009, -33.815281453643109 ], [ 151.009, -33.816 ], [ 151.009830075062098, -33.816 ] ] ] } },
{ "type": "Feature", "properties": { "roof_area_m2": 7659.2, "height_m": 20.5, "building": "commercial" }, "geometry": { "type": "Polygon", "coordinates": [ [ [ 151.010124932740922, -33.8145 ], [ 151.010124932740922, -33.813837029048123 ], [ 151.009, -33.813837029048123 ], [ 151.009, -33.8145 ], [ 151.010124932740922, -33.8145 ] ] ] } },
{ "type": "Feature", "properties": { "roof_area_m2": 6198.8, "height_m": 20.0, "building": "commercial" }, "geometry": { "type": "Polygon", "coordinates": [ [ [ 151.010180842152096, -33.813 ], [ 151.010180842152096, -33.812488853096141 ], [ 151.009, -33.812488853096141 ], [ 151.009, -33.813 ], [ 151.010180842152096, -33.813 ] ] ] } },
{ "type": "Feature", "properties": { "roof_area_m2": 6498.0, "height_m": 55.0, "building": "commercial" }, "geometry": { "type": "Polygon", "coordinates": [ [ [ 151.009784722992038, -33.8115 ], [ 151.009784722992038, -33.810693727251468 ], [ 151.009, -33.810693727251468 ], [ 151.009, -33.8115 ], [ 151.009784722992038, -33.8115 ] ] ] } },
{ "type": "Feature", "properties": { "roof_area_m2": 7004.6, "height_m": 53.2, "building": "commercial" }, "geometry": { "type": "Polygon", "coordinates": [ [ [ 151.010133065907951, -33.81 ], [ 151.010133065907951, -33.809398073507822 ], [ 151.009, -33.809398073507822 ], [ 151.009, -33.81 ], [ 151.010133065907951, -33.81 ] ] ] } },
{ "type": "Feature", "properties": { "roof_area_m2": 6549.4, "height_m": 39.3, "building": "commercial" }, "geometry": { "type": "Polygon", "coordinates": [ [ [ 151.009833504843527, -33.8085 ], [ 151.009833504843527, -33.807734929752861 ], [ 151.009, -33.807734929752861 ], [ 151.009, -33.8085 ], [ 151.009833504843527, -33.8085 ] ] ] } },
{ "type": "Feature", "properties": { "roof_area_m2": 3271.0, "height_m": 8.5, "building": "residential" }, "geometry": { "type": "Polygon", "coordinates": [ [ [ 151.009542160722958, -33.807 ], [ 151.009542160722958, -33.806412575416623 ], [ 151.009, -33.806412575416623 ], [ 151.009, -33.807 ], [ 151.009542160722958, -33.807 ] ] ] } },
{ "type": "Feature", "properties": { "roof_area_m2": 3180.8, "height_m": 7.7, "building": "residential" }, "geometry": { "type": "Polygon", "coordinates": [ [ [ 151.009570489396964, -33.8055 ], [ 151.009570489396964, -33.804957155332517 ], [ 151.009, -33.804957155332517 ], [ 151.009, -33.8055 ], [ 151.009570489396964, -33.8055 ] ] ] } },
{ "type": "Feature", "properties": { "roof_area_m2": 1325.8, "height_m": 7.0, "building": "residential" }, "geometry": { "type": "Polygon", "coordinates": [ [ [ 151.00942660349574, -33.804 ], [ 151.00942660349574, -33.803697430888946 ], [ 151.009, -33.803697430888946 ], [ 151.009, -33.804 ], [ 151.00942660349574, -33.804 ] ] ] } },
{ "type": "Feature", "properties": { "roof_area_m2": 2158.7, "height_m": 5.9, "building": "residential" }, "geometry": { "type": "Polygon", "coordinates": [ [ [ 151.009644521222441, -33.8025 ], [ 151.009644521222441, -33.802173911969881 ], [ 151.009, -33.802173911969881 ], [ 151.009, -33.8025 ], [ 151.009644521222441, -33.8025 ] ] ] } },
{ "type": "Feature", "properties": { "roof_area_m2": 2328.9, "height_m": 5.5, "building": "residential" }, "geometry": { "type": "Polygon", "coordinates": [ [ [ 151.011430738594271, -33.828 ], [ 151.011430738594271, -33.827640405750273 ], [ 151.0108, -33.827640405750273 ], [ 151.0108, -33.828 ], [ 151.011430738594271, -33.828 ] ] ] } },
{ "type": "Feature", "properties": { "roof_area_m2": 1888.8, "height_m": 7.8, "building": "residential" }, "geometry": { "type": "Polygon", "coordinates": [ [ [ 151.011237536152009, -33.8265 ], [ 151.011237536152009, -33.826079587420821 ], [ 151.0108, -33.826079587420821 ], [ 151.0108, -33.8265 ], [ 151.011237536152009, -33.8265 ] ] ] } },
{ "type": "Feature", "properties": { "roof_area_m2": 2915.6, "height_m": 5.8, "building": "residential" }, "geometry": { "type": "Polygon", "coordinates": [ [ [ 151.0112800673854, -33.825 ], [ 151.0112800673854, -33.824408561920755 ], [ 151.0108, -33.824408561920755 ], [ 151.0108, -33.825 ], [ 151.0112800673854, -33.825 ] ] ] } },
{ "type": "Feature", "properties": { "roof_area_m2": 1943.9, "height_m": 7.8, "building": "residential" }, "geometry": { "type": "Polygon", "coordinates": [ [ [ 151.011190957720572, -33.8235 ], [ 151.011190957720572, -33.823015791373223 ], [ 151.0108, -33.823015791373223 ], [ 151.0108, -33.8235 ], [ 151.011190957720572, -33.8235 ] ] ] } },
{ "type": "Feature", "properties": { "roof_area_m2": 1631.5, "height_m": 7.7, "building": "residential" }, "geometry": { "type": "Polygon", "coordinates": [ [ [ 151.011122515158235, -33.822 ], [ 151.011122515158235, -33.821507378035555 ], [ 151.0108, -33.821507378035555 ], [ 151.0108, -33.822 ], [ 151.011122515158235, -33.822 ] ] ] } },
{ "type": "Feature", "properties": { "roof_area_m2": 9801.6, "height_m": 53.5, "building": "commercial" }, "geometry": { "type": "Polygon", "coordinates": [ [ [ 151.011917359230097, -33.8205 ], [ 151.011917359230097, -33.819645783021606 ], [ 151.0108, -33.819645783021606 ], [ 151.0108, -33.8205 ], [ 151.011917359230097, -33.8205 ] ] ] } },
{ "type": "Feature", "properties": { "roof_area_m2": 4259.0, "height_m": 27.5, "building": "commercial" }, "geometry": { "type": "Polygon", "coordinates": [ [ [ 151.011509893284511, -33.819 ], [ 151.011509893284511, -33.818415787219379 ], [ 151.0108, -33.818415787219379 ], [ 151.0108, -33.819 ], [ 151.011509893284511, -33.819 ] ] ] } },
{ "type": "Feature", "properties": { "roof_area_m2": 5065.9, "height_m": 28.1, "building": "commercial" }, "geometry": { "type": "Polygon", "coordinates": [ [ [ 151.011723890479885, -33.8175 ], [ 151.011723890479885, -33.81696606690646 ], [ 151.0108, -33.81696606690646 ], [ 151.0108, -33.8175 ], [ 151.011723890479885, -33.8175 ] ] ] } },
{ "type": "Feature", "properties": { "roof_area_m2": 6977.1, "height_m": 41.3, "building": "commercial" }, "geometry": { "type": "Polygon", "coordinates": [ [ [ 151.01189129959684, -33.816 ], [ 151.01189129959684, -33.815377453793545 ], [ 151.0108, -33.815377453793545 ], [ 151.0108, -33.816 ], [ 151.01189129959684, -33.816 ] ] ] } },
{ "type": "Feature", "properties": { "roof_area_m2": 3940.5, "height_m": 24.4, "building": "commercial" }, "geometry": { "type": "Polygon", "coordinates": [ [ [ 151.011455740815393, -33.8145 ], [ 151.011455740815393, -33.81391486851475 ], [ 151.0108, -33.81391486851475 ], [ 151.0108, -33.8145 ], [ 151.011455740815393, -33.8145 ] ] ] } },
{ "type": "Feature", "properties": { "roof_area_m2": 5975.3, "height_m": 38.7, "building": "commercial" }, "geometry": { "type": "Polygon", "coordinates": [ [ [ 151.0119417176779, -33.813 ], [ 151.0119417176779, -33.812490395865417 ], [ 151.0108, -33.812490395865417 ], [ 151.0108, -33.813 ], [ 151.0119417176779, -33.813 ] ] ] } },
{ "type": "Feature", "properties": { "roof_area_m2": 4973.8, "height_m": 38.4, "building": "commercial" }, "geometry": { "type": "Polygon", "coordinates": [ [ [ 151.011693884701714, -33.8115 ], [ 151.011693884701714, -33.810958213433423 ], [ 151.0108, -33.810958213433423 ], [ 151.0108, -33.8115 ], [ 151.011693884701714, -33.8115 ] ] ] } },
{ "type": "Feature", "properties": { "roof_area_m2": 3540.2, "height_m": 32.7, "building": "commercial" }, "geometry": { "type": "Polygon", "coordinates": [ [ [ 151.011478278760734, -33.81 ], [ 151.011478278760734, -33.809491804556934 ], [ 151.0108, -33.809491804556934 ], [ 151.0108, -33.81 ], [ 151.011478278760734, -33.81 ] ] ] } },
{ "type": "Feature", "properties": { "roof_area_m2": 1876.7, "height_m": 6.1, "building": "residential" }, "geometry": { "type": "Polygon", "coordinates": [ [ [ 151.011255361593697, -33.8085 ], [ 151.011255361593697, -33.808098712839175 ], [ 151.0108, -33.808098712839175 ], [ 151.0108, -33.8085 ], [ 151.011255361593697, -33.8085 ] ] ] } },
{ "type": "Feature", "properties": { "roof_area_m2": 3490.0, "height_m": 8.5, "building": "residential" }, "geometry": { "type": "Polygon", "coordinates": [ [ [ 151.011377301028631, -33.807 ], [ 151.011377301028631, -33.806411396737751 ], [ 151.0108, -33.806411396737751 ], [ 151.0108, -33.807 ], [ 151.011377301028631, -33.807 ] ] ] } },
{ "type": "Feature", "properties": { "roof_area_m2": 2589.6, "height_m": 6.0, "building": "residential" }, "geometry": { "type": "Polygon", "coordinates": [ [ [ 151.01127193926601, -33.8055 ], [ 151.01127193926601, -33.804965766563107 ], [ 151.0108, -33.804965766563107 ], [ 151.0108, -33.8055 ], [ 151.01127193926601, -33.8055 ] ] ] } },
{ "type": "Feature", "properties": { "roof_area_m2": 3104.7, "height_m": 7.4, "building": "residential" }, "geometry": { "type": "Polygon", "coordinates": [ [ [ 151.011482125536787, -33.804 ], [ 151.011482125536787, -33.803556862726637 ], [ 151.0108, -33.803556862726637 ], [ 151.0108, -33.804 ], [ 151.011482125536787, -33.804 ] ] ] } },
{ "type": "Feature", "properties": { "roof_area_m2": 3576.7, "height_m": 7.2, "building": "residential" }, "geometry": { "type": "Polygon", "coordinates": [ [ [ 151.011487175051911, -33.8025 ], [ 151.011487175051911, -33.801993259696282 ], [ 151.0108, -33.801993259696282 ], [ 151.0108, -33.8025 ], [ 151.011487175051911, -33.8025 ] ] ] } },
{ "type": "Feature", "properties": { "roof_area_m2": 1686.2, "height_m": 5.7, "building": "residential" }, "geometry": { "type": "Polygon", "coordinates": [ [ [ 151.012956861523492, -33.828 ], [ 151.012956861523492, -33.827539842026724 ], [ 151.0126, -33.827539842026724 ], [ 151.0126, -33.828 ], [ 151.012956861523492, -33.828 ] ] ] } },
{ "type": "Feature", "properties": { "roof_area_m2": 3538.1, "height_m": 5.6, "building": "residential" }, "geometry": { "type": "Polygon", "coordinates": [ [ [ 151.013257087408078, -33.8265 ], [ 151.013257087408078, -33.82597562694734 ], [ 151.0126, -33.82597562694734 ], [ 151.0126, -33.8265 ], [ 151.013257087408078, -33.8265 ] ] ] } },
{ "type": "Feature", "properties": { "roof_area_m2": 1817.3, "height_m": 8.9, "building": "residential" }, "geometry": { "type": "Polygon", "coordinates": [ [ [ 151.013013940799709, -33.825 ], [ 151.013013940799709, -33.82457246817485 ], [ 151.0126, -33.82457246817485 ], [ 151.0126, -33.825 ], [ 151.013013940799709, -33.825 ] ] ] } },
{ "type": "Feature", "properties": { "roof_area_m2": 1199.5, "height_m": 6.9, "building": "residential" }, "geometry": { "type": "Polygon", "coordinates": [ [ [ 151.012908989476671, -33.8235 ], [ 151.012908989476671, -33.82312195716576 ], [ 151.0126, -33.82312195716576 ], [ 151.0126, -33.8235 ], [ 151.012908989476671, -33.8235 ] ] ] } },
{ "type": "Feature", "properties": { "roof_area_m2": 3851.2, "height_m": 7.6, "building": "residential" }, "geometry": { "type": "Polygon", "coordinates": [ [ [ 151.013227896773429, -33.822 ], [ 151.013227896773429, -33.821402717956673 ], [ 151.0126, -33.821402717956673 ], [ 151.0126, -33.822 ], [ 151.013227896773429, -33.822 ] ] ] } },
{ "type": "Feature", "properties": { "roof_area_m2": 1758.5, "height_m": 7.8, "building": "residential" }, "geometry": { "type": "Polygon", "coordinates": [ [ [ 151.013118184125545, -33.8205 ], [ 151.013118184125545, -33.820169532245487 ], [ 151.0126, -33.820169532245487 ], [ 151.0126, -33.8205 ], [ 151.013118184125545, -33.8205 ] ] ] } },
{ "type": "Feature", "properties": { "roof_area_m2": 1670.5, "height_m": 7.1, "building": "residential" }, "geometry": { "type": "Polygon", "coordinates": [ [ [ 151.013000264368713, -33.819 ], [ 151.013000264368713, -33.818593603507011 ], [ 151.0126, -33.818593603507011 ], [ 151.0126, -33.819 ], [ 151.013000264368713, -33.819 ] ] ] } },
{ "type": "Feature", "properties": { "roof_area_m2": 1601.4, "height_m": 8.5, "building": "residential" }, "geometry": { "type": "Polygon", "coordinates": [ [ [ 151.012980955279801, -33.8175 ], [ 151.012980955279801, -33.817090672431547 ], [ 151.0126, -33.817090672431547 ], [ 151.0126, -33.8175 ], [ 151.012980955279801, -33.8175 ] ] ] } },
{ "type": "Feature", "properties": { "roof_area_m2": 6590.7, "height_m": 22.9, "building": "commercial" }, "geometry": { "type": "Polygon", "coordinates": [ [ [ 151.013264484067662, -33.816 ], [ 151.013264484067662, -33.815034192135371 ], [ 151.0126, -33.815034192135371 ], [ 151.0126, -33.816 ], [ 151.013264484067662, -33.816 ] ] ] } },
{ "type": "Feature", "properties": { "roof_area_m2": 9354.3, "height_m": 34.7, "building": "commercial" }, "geometry": { "type": "Polygon", "coordinates": [ [ [ 151.013770195996415, -33.8145 ], [ 151.013770195996415, -33.813721627915186 ], [ 151.0126, -33.813721627915186 ], [ 151.0126, -33.8145 ], [ 151.013770195996415, -33.8145 ] ] ] } },
{ "type": "Feature", "properties": { "roof_area_m2": 3936.9, "height_m": 38.6, "building": "commercial" }, "geometry": { "type": "Polygon", "coordinates": [ [ [ 151.013203799459035, -33.813 ], [ 151.013203799459035, -33.812365114030598 ], [ 151.0126, -33.812365114030598 ], [ 151.0126, -33.813 ], [ 151.013203799459035, -33.813 ] ] ] } },
{ "type": "Feature", "properties": { "roof_area_m2": 2083.7, "height_m": 7.7, "building": "residential" }, "geometry": { "type": "Polygon", "coordinates": [ [ [ 151.01302968824811, -33.8115 ], [ 151.01302968824811, -33.811027831161525 ], [ 151.0126, -33.811027831161525 ], [ 151.0126, -33.8115 ], [ 151.01302968824811, -33.8115 ] ] ] } },
{ "type": "Feature", "properties": { "roof_area_m2": 2115.9, "height_m": 6.4, "building": "residential" }, "geometry": { "type": "Polygon", "coordinates": [ [ [ 151.013040291644757, -33.81 ], [ 151.013040291644757, -33.809532073493443 ], [ 151.0126, -33.809532073493443 ], [ 151.0126, -33.81 ], [ 151.013040291644757, -33.81 ] ] ] } },
{ "type": "Feature", "properties": { "roof_area_m2": 2271.0, "height_m": 7.2, "building": "residential" }, "geometry": { "type": "Polygon", "coordinates": [ [ [ 151.013212172806675, -33.8085 ], [ 151.013212172806675, -33.808138802154346 ], [ 151.0126, -33.808138802154346 ], [ 151.0126, -33.8085 ], [ 151.013212172806675, -33.8085 ] ] ] } },
{ "type": "Feature", "properties": { "roof_area_m2": 1735.6, "height_m": 7.0, "building": "residential" }, "geometry": { "type": "Polygon", "coordinates": [ [ [ 151.013034122684104, -33.807 ], [ 151.013034122684104, -33.806610750077695 ], [ 151.0126, -33.806610750077695 ], [ 151.0126, -33.807 ], [ 151.013034122684104, -33.807 ] ] ] } },
{ "type": "Feature", "properties": { "roof_area_m2": 2474.2, "height_m": 7.1, "building": "residential" }, "geometry": { "type": "Polygon", "coordinates": [ [ [ 151.013158710459294, -33.8055 ], [ 151.013158710459294, -33.805068841482083 ], [ 151.0126, -33.805068841482083 ], [ 151.0126, -33.8055 ], [ 151.013158710459294, -33.8055 ] ] ] } },
{ "type": "Feature", "properties": { "roof_area_m2": 2732.4, "height_m": 6.9, "building": "residential" }, "geometry": { "type": "Polygon", "coordinates": [ [ [ 151.013127118354618, -33.804 ], [ 151.013127118354618, -33.803495308867475 ], [ 151.0126, -33.803495308867475 ], [ 151.0126, -33.804 ], [ 151.013127118354618, -33.804 ] ] ] } },
{ "type": "Feature", "properties": { "roof_area_m2": 1983.7, "height_m": 6.4, "building": "residential" }, "geometry": { "type": "Polygon", "coordinates": [ [ [ 151.013091054853447, -33.8025 ], [ 151.013091054853447, -33.802106699520863 ], [ 151.0126, -33.802106699520863 ], [ 151.0126, -33.8025 ], [ 151.013091054853447, -33.8025 ] ] ] } },
{ "type": "Feature", "properties": { "roof_area_m2": 3716.8, "height_m": 7.0, "building": "residential" }, "geometry": { "type": "Polygon", "coordinates": [ [ [ 151.015016610678487, -33.828 ], [ 151.015016610678487, -33.827412968749449 ], [ 151.0144, -33.827412968749449 ], [ 151.0144, -33.828 ], [ 151.015016610678487, -33.828 ] ] ] } },
{ "type": "Feature", "properties": { "roof_area_m2": 2215.5, "height_m": 7.5, "building": "residential" }, "geometry": { "type": "Polygon", "coordinates": [ [ [ 151.014952845823018, -33.8265 ], [ 151.014952845823018, -33.826109729190485 ], [ 151.0144, -33.826109729190485 ], [ 151.0144, -33.8265 ], [ 151.014952845823018, -33.8265 ] ] ] } },
{ "type": "Feature", "properties": { "roof_area_m2": 1455.4, "height_m": 8.9, "building": "residential" }, "geometry": { "type": "Polygon", "coordinates": [ [ [ 151.014701317545786, -33.825 ], [ 151.014701317545786, -33.824529634761276 ], [ 151.0144, -33.824529634761276 ], [ 151.0144, -33.825 ], [ 151.014701317545786, -33.825 ] ] ] } },
{ "type": "Feature", "properties": { "roof_area_m2": 2027.0, "height_m": 6.8, "building": "residential" }, "geometry": { "type": "Polygon", "coordinates": [ [ [ 151.014755233100118, -33.8235 ], [ 151.014755233100118, -33.822944315698322 ], [ 151.0144, -33.822944315698322 ], [ 151.0144, -33.8235 ], [ 151.014755233100118, -33.8235 ] ] ] } },
{ "type": "Feature", "properties": { "roof_area_m2": 1713.8, "height_m": 5.6, "building": "residential" }, "geometry": { "type": "Polygon", "coordinates": [ [ [ 151.014800031927166, -33.822 ], [ 151.014800031927166, -33.821582801838446 ], [ 151.0144, -33.821582801838446 ], [ 151.0144, -33.822 ], [ 151.014800031927166, -33.822 ] ] ] } },
{ "type": "Feature", "properties": { "roof_area_m2": 2057.6, "height_m": 8.3, "building": "residential" }, "geometry": { "type": "Polygon", "coordinates": [ [ [ 151.014782944034494, -33.8205 ], [ 151.014782944034494, -33.819976780986053 ], [ 151.0144, -33.819976780986053 ], [ 151.0144, -33.8205 ], [ 151.014782944034494, -33.8205 ] ] ] } },
{ "type": "Feature", "properties": { "roof_area_m2": 3125.6, "height_m": 8.2, "building": "residential" }, "geometry": { "type": "Polygon", "coordinates": [ [ [ 151.015037549885534, -33.819 ], [ 151.015037549885534, -33.818522606133349 ], [ 151.0144, -33.818522606133349 ], [ 151.0144, -33.819 ], [ 151.015037549885534, -33.819 ] ] ] } },
{ "type": "Feature", "properties": { "roof_area_m2": 1562.6, "height_m": 6.0, "building": "residential" }, "geometry": { "type": "Polygon", "coordinates": [ [ [ 151.014757618842907, -33.8175 ], [ 151.014757618842907, -33.817074522993472 ], [ 151.0144, -33.817074522993472 ], [ 151.0144, -33.8175 ], [ 151.014757618842907, -33.8175 ] ] ] } },
{ "type": "Feature", "properties": { "roof_area_m2": 2034.5, "height_m": 8.3, "building": "residential" }, "geometry": { "type": "Polygon", "coordinates": [ [ [ 151.014838839021508, -33.816 ], [ 151.014838839021508, -33.815548566426131 ], [ 151.0144, -33.815548566426131 ], [ 151.0144, -33.816 ], [ 151.014838839021508, -33.816 ] ] ] } },
{ "type": "Feature", "properties": { "roof_area_m2": 2153.4, "height_m": 8.8, "building": "residential" }, "geometry": { "type": "Polygon", "coordinates": [ [ [ 151.014795368491718, -33.8145 ], [ 151.014795368491718, -33.813969665350697 ], [ 151.0144, -33.813969665350697 ], [ 151.0144, -33.8145 ], [ 151.014795368491718, -33.8145 ] ] ] } },
{ "type": "Feature", "properties": { "roof_area_m2": 1833.0, "height_m": 8.9, "building": "residential" }, "geometry": { "type": "Polygon", "coordinates": [ [ [ 151.014862027866002, -33.813 ], [ 151.014862027866002, -33.812613693481318 ], [ 151.0144, -33.812613693481318 ], [ 151.0144, -33.813 ], [ 151.014862027866002, -33.813 ] ] ] } },
{ "type": "Feature", "properties": { "roof_area_m2": 1480.7, "height_m": 7.3, "building": "residential" }, "geometry": { "type": "Polygon", "coordinates": [ [ [ 151.014710136129452, -33.8115 ], [ 151.014710136129452, -33.811035112838745 ], [ 151.0144, -33.811035112838745 ], [ 151.0144, -33.8115 ], [ 151.014710136129452, -33.8115 ] ] ] } },
{ "type": "Feature", "properties": { "roof_area_m2": 2403.9, "height_m": 7.0, "building": "residential" }, "geometry": { "type": "Polygon", "coordinates": [ [ [ 151.014829005651933, -33.81 ], [ 151.014829005651933, -33.809454403734279 ], [ 151.0144, -33.809454403734279 ], [ 151.0144, -33.81 ], [ 151.014829005651933, -33.81 ] ] ] } },
{ "type": "Feature", "properties": { "roof_area_m2": 2294.2, "height_m": 7.3, "building": "residential" }, "geometry": { "type": "Polygon", "coordinates": [ [ [ 151.01479826224562, -33.8085 ], [ 151.01479826224562, -33.807939110527258 ], [ 151.0144, -33.807939110527258 ], [ 151.0144, -33.8085 ], [ 151.01479826224562, -33.8085 ] ] ] } },
{ "type": "Feature", "properties": { "roof_area_m2": 2514.9, "height_m": 7.0, "building": "residential" }, "geometry": { "type": "Polygon", "coordinates": [ [ [ 151.015031962010738, -33.807 ], [ 151.015031962010738, -33.806612529690099 ], [ 151.0144, -33.806612529690099 ], [ 151.0144, -33.807 ], [ 151.015031962010738, -33.807 ] ] ] } },
{ "type": "Feature", "properties": { "roof_area_m2": 2617.5, "height_m": 8.6, "building": "residential" }, "geometry": { "type": "Polygon", "coordinates": [ [ [ 151.015041725705004, -33.8055 ], [ 151.015041725705004, -33.805102865287857 ], [ 151.0144, -33.805102865287857 ], [ 151.0144, -33.8055 ], [ 151.015041725705004, -33.8055 ] ] ] } },
{ "type": "Feature", "properties": { "roof_area_m2": 1798.6, "height_m": 8.7, "building": "residential" }, "geometry": { "type": "Polygon", "coordinates": [ [ [ 151.014787815794307, -33.804 ], [ 151.014787815794307, -33.803548468320734 ], [ 151.0144, -33.803548468320734 ], [ 151.0144, -33.804 ], [ 151.014787815794307, -33.804 ] ] ] } },
{ "type": "Feature", "properties": { "roof_area_m2": 2080.0, "height_m": 8.7, "building": "residential" }, "geometry": { "type": "Polygon", "coordinates": [ [ [ 151.014908901687932, -33.8025 ], [ 151.014908901687932, -33.802102070740396 ], [ 151.0144, -33.802102070740396 ], [ 151.0144, -33.8025 ], [ 151.014908901687932, -33.8025 ] ] ] } },
{ "type": "Feature", "properties": { "roof_area_m2": 2240.0, "height_m": 6.6, "building": "residential" }, "geometry": { "type": "Polygon", "coordinates": [ [ [ 151.016858605315889, -33.828 ], [ 151.016858605315889, -33.827668768426221 ], [ 151.0162, -33.827668768426221 ], [ 151.0162, -33.828 ], [ 151.016858605315889, -33.828 ] ] ] } },
{ "type": "Feature", "properties": { "roof_area_m2": 2291.3, "height_m": 7.1, "building": "residential" }, "geometry": { "type": "Polygon", "coordinates": [ [ [ 151.016822565553838, -33.8265 ], [ 151.016822565553838, -33.826141574141502 ], [ 151.0162, -33.826141574141502 ], [ 151.0162, -33.8265 ], [ 151.016822565553838, -33.8265 ] ] ] } },
{ "type": "Feature", "properties": { "roof_area_m2": 2342.9, "height_m": 8.3, "building": "residential" }, "geometry": { "type": "Polygon", "coordinates": [ [ [ 151.016609103923514, -33.825 ], [ 151.016609103923514, -33.824442290097529 ], [ 151.0162, -33.824442290097529 ], [ 151.0162, -33.825 ], [ 151.016609103923514, -33.825 ] ] ] } },
{ "type": "Feature", "properties": { "roof_area_m2": 2573.0, "height_m": 9.0, "building": "residential" }, "geometry": { "type": "Polygon", "coordinates": [ [ [ 151.016850789824389, -33.8235 ], [ 151.016850789824389, -33.823114980960646 ], [ 151.0162, -33.823114980960646 ], [ 151.0162, -33.8235 ], [ 151.016850789824389, -33.8235 ] ] ] } },
{ "type": "Feature", "properties": { "roof_area_m2": 3197.0, "height_m": 7.1, "building": "residential" }, "geometry": { "type": "Polygon", "coordinates": [ [ [ 151.016895268949156, -33.822 ], [ 151.016895268949156, -33.821552217173938 ], [ 151.0162, -33.821552217173938 ], [ 151.0162, -33.822 ], [ 151.016895268949156, -33.822 ] ] ] } },
{ "type": "Feature", "properties": { "roof_area_m2": 3911.2, "height_m": 9.0, "building": "residential" }, "geometry": { "type": "Polygon", "coordinates": [ [ [ 151.016872267695874, -33.8205 ], [ 151.016872267695874, -33.819933453487231 ], [ 151.0162, -33.819933453487231 ], [ 151.0162, -33.8205 ], [ 151.016872267695874, -33.8205 ] ] ] } },
{ "type": "Feature", "properties": { "roof_area_m2": 2578.1, "height_m": 8.5, "building": "residential" }, "geometry": { "type": "Polygon", "coordinates": [ [ [ 151.016877041699388, -33.819 ], [ 151.016877041699388, -33.81862920039184 ], [ 151.0162, -33.81862920039184 ], [ 151.0162, -33.819 ], [ 151.016877041699388, -33.819 ] ] ] } },
{ "type": "Feature", "properties": { "roof_area_m2": 1628.2, "height_m": 8.8, "building": "residential" }, "geometry": { "type": "Polygon", "coordinates": [ [ [ 151.016522703066869, -33.8175 ], [ 151.016522703066869, -33.817008674413117 ], [ 151.0162, -33.817008674413117 ], [ 151.0162, -33.8175 ], [ 151.016522703066869, -33.8175 ] ] ] } },
{ "type": "Feature", "properties": { "roof_area_m2": 3924.5, "height_m": 6.6, "building": "residential" }, "geometry": { "type": "Polygon", "coordinates": [ [ [ 151.01687466274808, -33.816 ], [ 151.01687466274808, -33.815433570559286 ], [ 151.0162, -33.815433570559286 ], [ 151.0162, -33.816 ], [ 151.01687466274808, -33.816 ] ] ] } },
{ "type": "Feature", "properties": { "roof_area_m2": 3449.2, "height_m": 8.3, "building": "residential" }, "geometry": { "type": "Polygon", "coordinates": [ [ [ 151.016866911860973, -33.8145 ], [ 151.016866911860973, -33.81399640147275 ], [ 151.0162, -33.81399640147275 ], [ 151.0162, -33.8145 ], [ 151.016866911860973, -33.8145 ] ] ] } },
{ "type": "Feature", "properties": { "roof_area_m2": 1576.0, "height_m": 6.6, "building": "residential" }, "geometry": { "type": "Polygon", "coordinates": [ [ [ 151.016668548535847, -33.813 ], [ 151.016668548535847, -33.812672477952631 ], [ 151.0162, -33.812672477952631 ], [ 151.0162, -33.813 ], [ 151.016668548535847, -33.813 ] ] ] } },
{ "type": "Feature", "properties": { "roof_area_m2": 2626.1, "height_m": 7.1, "building": "residential" }, "geometry": { "type": "Polygon", "coordinates": [ [ [ 151.016669938116706, -33.8115 ], [ 151.016669938116706, -33.810955884977695 ], [ 151.0162, -33.810955884977695 ], [ 151.0162, -33.8115 ], [ 151.016669938116706, -33.8115 ] ] ] } },
{ "type": "Feature", "properties": { "roof_area_m2": 2982.2, "height_m": 8.5, "building": "residential" }, "geometry": { "type": "Polygon", "coordinates": [ [ [ 151.016697660358517, -33.81 ], [ 151.016697660358517, -33.809416535663864 ], [ 151.0162, -33.809416535663864 ], [ 151.0162, -33.81 ], [ 151.016697660358517, -33.81 ] ] ] } },
{ "type": "Feature", "properties": { "roof_area_m2": 3039.8, "height_m": 8.1, "building": "residential" }, "geometry": { "type": "Polygon", "coordinates": [ [ [ 151.016793134605393, -33.8085 ], [ 151.016793134605393, -33.808001003664309 ], [ 151.0162, -33.808001003664309 ], [ 151.0162, -33.8085 ], [ 151.016793134605393, -33.8085 ] ] ] } },
{ "type": "Feature", "properties": { "roof_area_m2": 2573.9, "height_m": 7.3, "building": "residential" }, "geometry": { "type": "Polygon", "coordinates": [ [ [ 151.016721880191454, -33.807 ], [ 151.016721880191454, -33.806519804591126 ], [ 151.0162, -33.806519804591126 ], [ 151.0162, -33.807 ], [ 151.016721880191454, -33.807 ] ] ] } },
{ "type": "Feature", "properties": { "roof_area_m2": 1351.7, "height_m": 8.9, "building": "residential" }, "geometry": { "type": "Polygon", "coordinates": [ [ [ 151.016606783437908, -33.8055 ], [ 151.016606783437908, -33.805176476910169 ], [ 151.0162, -33.805176476910169 ], [ 151.0162, -33.8055 ], [ 151.016606783437908, -33.8055 ] ] ] } },
{ "type": "Feature", "properties": { "roof_area_m2": 2717.7, "height_m": 7.3, "building": "residential" }, "geometry": { "type": "Polygon", "coordinates": [ [ [ 151.016671426118648, -33.804 ], [ 151.016671426118648, -33.803438728969752 ], [ 151.0162, -33.803438728969752 ], [ 151.0162, -33.804 ], [ 151.016671426118648, -33.804 ] ] ] } },
{ "type": "Feature", "properties": { "roof_area_m2": 2101.9, "height_m": 8.9, "building": "residential" }, "geometry": { "type": "Polygon", "coordinates": [ [ [ 151.016591299641419, -33.8025 ], [ 151.016591299641419, -33.801977013321995 ], [ 151.0162, -33.801977013321995 ], [ 151.0162, -33.8025 ], [ 151.016591299641419, -33.8025 ] ] ] } },
{ "type": "Feature", "properties": { "roof_area_m2": 3793.4, "height_m": 8.9, "building": "residential" }, "geometry": { "type": "Polygon", "coordinates": [ [ [ 151.018664897489913, -33.828 ], [ 151.018664897489913, -33.827444381177614 ], [ 151.018, -33.827444381177614 ], [ 151.018, -33.828 ], [ 151.018664897489913, -33.828 ] ] ] } },
{ "type": "Feature", "properties": { "roof_area_m2": 1375.0, "height_m": 7.1, "building": "residential" }, "geometry": { "type": "Polygon", "coordinates": [ [ [ 151.018324991700297, -33.8265 ], [ 151.018324991700297, -33.826087964454032 ], [ 151.018, -33.826087964454032 ], [ 151.018, -33.8265 ], [ 151.018324991700297, -33.8265 ] ] ] } },
{ "type": "Feature", "properties": { "roof_area_m2": 2907.1, "height_m": 8.2, "building": "residential" }, "geometry": { "type": "Polygon", "coordinates": [ [ [ 151.018647578841353, -33.825 ], [ 151.018647578841353, -33.824562818466894 ], [ 151.018, -33.824562818466894 ], [ 151.018, -33.825 ], [ 151.018647578841353, -33.825 ] ] ] } },
{ "type": "Feature", "properties": { "roof_area_m2": 2125.9, "height_m": 7.5, "building": "residential" }, "geometry": { "type": "Polygon", "coordinates": [ [ [ 151.018610407855164, -33.8235 ], [ 151.018610407855164, -33.823160838018225 ], [ 151.018, -33.823160838018225 ], [ 151.018, -33.8235 ], [ 151.018610407855164, -33.8235 ] ] ] } },
{ "type": "Feature", "properties": { "roof_area_m2": 2685.9, "height_m": 7.7, "building": "residential" }, "geometry": { "type": "Polygon", "coordinates": [ [ [ 151.018475996808149, -33.822 ], [ 151.018475996808149, -33.821450513341169 ], [ 151.018, -33.821450513341169 ], [ 151.018, -33.822 ], [ 151.018475996808149, -33.822 ] ] ] } },
{ "type": "Feature", "properties": { "roof_area_m2": 1574.2, "height_m": 8.0, "building": "residential" }, "geometry": { "type": "Polygon", "coordinates": [ [ [ 151.018327072640773, -33.8205 ], [ 151.018327072640773, -33.820031314631095 ], [ 151.018, -33.820031314631095 ], [ 151.018, -33.8205 ], [ 151.018327072640773, -33.8205 ] ] ] } },
{ "type": "Feature", "properties": { "roof_area_m2": 1789.6, "height_m": 7.5, "building": "residential" }, "geometry": { "type": "Polygon", "coordinates": [ [ [ 151.018353206357062, -33.819 ], [ 151.018353206357062, -33.818506617495466 ], [ 151.018, -33.818506617495466 ], [ 151.018, -33.819 ], [ 151.018353206357062, -33.819 ] ] ] } },
{ "type": "Feature", "properties": { "roof_area_m2": 2709.9, "height_m": 7.5, "building": "residential" }, "geometry": { "type": "Polygon", "coordinates": [ [ [ 151.018556488262277, -33.8175 ], [ 151.018556488262277, -33.817025820078264 ], [ 151.018, -33.817025820078264 ], [ 151.018, -33.8175 ], [ 151.018556488262277, -33.8175 ] ] ] } },
{ "type": "Feature", "properties": { "roof_area_m2": 2229.6, "height_m": 6.6, "building": "residential" }, "geometry": { "type": "Polygon", "coordinates": [ [ [ 151.018569520225384, -33.816 ], [ 151.018569520225384, -33.815618786591912 ], [ 151.018, -33.815618786591912 ], [ 151.018, -33.816 ], [ 151.018569520225384, -33.816 ] ] ] } },
{ "type": "Feature", "properties": { "roof_area_m2": 1866.6, "height_m": 8.3, "building": "residential" }, "geometry": { "type": "Polygon", "coordinates": [ [ [ 151.018530439561232, -33.8145 ], [ 151.018530439561232, -33.814157346588871 ], [ 151.018, -33.814157346588871 ], [ 151.018, -33.8145 ], [ 151.018530439561232, -33.8145 ] ] ] } },
{ "type": "Feature", "properties": { "roof_area_m2": 2182.9, "height_m": 6.8, "building": "residential" }, "geometry": { "type": "Polygon", "coordinates": [ [ [ 151.018523609909465, -33.813 ], [ 151.018523609909465, -33.812594064758365 ], [ 151.018, -33.812594064758365 ], [ 151.018, -33.813 ], [ 151.018523609909465, -33.813 ] ] ] } },
{ "type": "Feature", "properties": { "roof_area_m2": 1477.5, "height_m": 8.8, "building": "residential" }, "geometry": { "type": "Polygon", "coordinates": [ [ [ 151.01831006881406, -33.8115 ], [ 151.01831006881406, -33.811036041622216 ], [ 151.018, -33.811036041622216 ], [ 151.018, -33.8115 ], [ 151.01831006881406, -33.8115 ] ] ] } },
{ "type": "Feature", "properties": { "roof_area_m2": 1879.4, "height_m": 6.7, "building": "residential" }, "geometry": { "type": "Polygon", "coordinates": [ [ [ 151.018379011133618, -33.81 ], [ 151.018379011133618, -33.80951719030557 ], [ 151.018, -33.80951719030557 ], [ 151.018, -33.81 ], [ 151.018379011133618, -33.81 ] ] ] } },
{ "type": "Feature", "properties": { "roof_area_m2": 2758.4, "height_m": 6.0, "building": "residential" }, "geometry": { "type": "Polygon", "coordinates": [ [ [ 151.018650590597275, -33.8085 ], [ 151.018650590597275, -33.808087185394214 ], [ 151.018, -33.808087185394214 ], [ 151.018, -33.8085 ], [ 151.018650590597275, -33.8085 ] ] ] } },
{ "type": "Feature", "properties": { "roof_area_m2": 2040.6, "height_m": 6.5, "building": "residential" }, "geometry": { "type": "Polygon", "coordinates": [ [ [ 151.018409663948319, -33.807 ], [ 151.018409663948319, -33.806515018329357 ], [ 151.018, -33.806515018329357 ], [ 151.018, -33.807 ], [ 151.018409663948319, -33.807 ] ] ] } },
{ "type": "Feature", "properties": { "roof_area_m2": 3748.7, "height_m": 5.9, "building": "residential" }, "geometry": { "type": "Polygon", "coordinates": [ [ [ 151.018649927444329, -33.8055 ], [ 151.018649927444329, -33.804938423143042 ], [ 151.018, -33.804938423143042 ], [ 151.018, -33.8055 ], [ 151.018649927444329, -33.8055 ] ] ] } },
{ "type": "Feature", "properties": { "roof_area_m2": 2707.6, "height_m": 5.9, "building": "residential" }, "geometry": { "type": "Polygon", "coordinates": [ [ [ 151.018526359649371, -33.804 ], [ 151.018526359649371, -33.80349916476348 ], [ 151.018, -33.80349916476348 ], [ 151.018, -33.804 ], [ 151.018526359649371, -33.804 ] ] ] } },
{ "type": "Feature", "properties": { "roof_area_m2": 1947.3, "height_m": 7.8, "building": "residential" }, "geometry": { "type": "Polygon", "coordinates": [ [ [ 151.01833583456019, -33.8025 ], [ 151.01833583456019, -33.801935472386475 ], [ 151.018, -33.801935472386475 ], [ 151.018, -33.8025 ], [ 151.01833583456019, -33.8025 ] ] ] } }
]
}
