roof_area_m2,unshaded_area_m2,n_panels,peak_kw,annual_kwh
607.3,178.5,105,42.0,84315.0
26926.7,598.4,352,140.8,282656.0
6063.8,598.4,352,140.8,282656.0
259.5,54.4,32,12.8,25696.0
126.5,34.0,20,8.0,16060.0
1141.5,178.5,105,42.0,84315.0
1064.0,178.5,105,42.0,84315.0
778.9,178.5,105,42.0,84315.0
3089.2,598.4,352,140.8,282656.0
2777.9,598.4,352,140.8,282656.0
8497.8,598.4,352,140.8,282656.0
631.2,178.5,105,42.0,84315.0
1484.2,178.5,105,42.0,84315.0
1103.6,178.5,105,42.0,84315.0
478.3,166.6,98,39.2,78694.0
906.6,178.5,105,42.0,84315.0
947.2,377.4,222,88.8,178266.0
1636.7,178.5,105,42.0,84315.0
302.9,120.7,71,28.4,57013.0
3437.5,598.4,352,140.8,282656.0
15649.7,598.4,352,140.8,282656.0
10798.6,598.4,352,140.8,282656.0
3512.9,598.4,352,140.8,282656.0
3322.9,598.4,352,140.8,282656.0
3567.3,598.4,352,140.8,282656.0
3038.0,598.4,352,140.8,282656.0
3520.7,598.4,352,140.8,282656.0
2124.3,598.4,352,140.8,282656.0
31939.1,598.4,352,140.8,282656.0
3399.8,598.4,352,140.8,282656.0
127.4,34.0,20,8.0,16060.0
152.6,42.5,25,10.0,20075.0
117.2,32.3,19,7.6,15257.0
124.0,34.0,20,8.0,16060.0
125.1,34.0,20,8.0,16060.0
128.6,35.7,21,8.4,16863.0
167.2,45.9,27,10.8,21681.0
201.3,54.4,32,12.8,25696.0
140.7,39.1,23,9.2,18469.0
194.8,54.4,32,12.8,25696.0
136.6,37.4,22,8.8,17666.0
288.4,54.4,32,12.8,25696.0
185.5,51.0,30,12.0,24090.0
195.3,54.4,32,12.8,25696.0
223.5,54.4,32,12.8,25696.0
198.4,54.4,32,12.8,25696.0
183.1,51.0,30,12.0,24090.0
141.5,39.1,23,9.2,18469.0
149.6,40.8,24,9.6,19272.0
5167.0,54.4,32,12.8,25696.0
229.8,54.4,32,12.8,25696.0
215.3,54.4,32,12.8,25696.0
2774.9,598.4,352,140.8,282656.0
433.7,54.4,32,12.8,25696.0
1806.7,598.4,352,140.8,282656.0
125.1,34.0,20,8.0,16060.0
1605.0,178.5,105,42.0,84315.0
960.7,178.5,105,42.0,84315.0
540.8,178.5,105,42.0,84315.0
1794.3,178.5,105,42.0,84315.0
1238.7,178.5,105,42.0,84315.0
594.0,178.5,105,42.0,84315.0
2464.8,598.4,352,140.8,282656.0
591.7,178.5,105,42.0,84315.0
3156.8,598.4,352,140.8,282656.0
2362.9,598.4,352,140.8,282656.0
2710.9,598.4,352,140.8,282656.0
2502.5,598.4,352,140.8,282656.0
2938.3,598.4,352,140.8,282656.0
3336.4,598.4,352,140.8,282656.0
1236.7,178.5,105,42.0,84315.0
3250.3,598.4,352,140.8,282656.0
1144.9,178.5,105,42.0,84315.0
503.2,175.1,103,41.2,82709.0
148.5,40.8,24,9.6,19272.0
316.7,54.4,32,12.8,25696.0
1156.6,178.5,105,42.0,84315.0
1069.0,178.5,105,42.0,84315.0
1151.3,178.5,105,42.0,84315.0
1198.4,178.5,105,42.0,84315.0
2634.5,598.4,352,140.8,282656.0
1071.2,178.5,105,42.0,84315.0
1281.9,178.5,105,42.0,84315.0
1466.8,178.5,105,42.0,84315.0
670.3,178.5,105,42.0,84315.0
3353.5,598.4,352,140.8,282656.0
355.6,54.4,32,12.8,25696.0
694.2,178.5,105,42.0,84315.0
95.0,25.5,15,6.0,12045.0
384.5,54.4,32,12.8,25696.0
1295.9,178.5,105,42.0,84315.0
319.6,54.4,32,12.8,25696.0
187.1,51.0,30,12.0,24090.0
892.3,178.5,105,42.0,84315.0
635.1,178.5,105,42.0,84315.0
266.6,54.4,32,12.8,25696.0
501.4,175.1,103,41.2,82709.0
571.8,178.5,105,42.0,84315.0
170.4,47.6,28,11.2,22484.0
469.5,163.2,96,38.4,77088.0
2232.7,598.4,352,140.8,282656.0
1659.1,178.5,105,42.0,84315.0
598.6,178.5,105,42.0,84315.0
330.3,54.4,32,12.8,25696.0
305.0,54.4,32,12.8,25696.0
99.1,27.2,16,6.4,12848.0
105.3,28.9,17,6.8,13651.0
495.5,173.4,102,40.8,81906.0
294.4,54.4,32,12.8,25696.0
3347.9,598.4,352,140.8,282656.0
4851.2,598.4,352,140.8,282656.0
1221.8,487.9,287,114.8,230461.0
377.1,54.4,32,12.8,25696.0
8148.7,598.4,352,140.8,282656.0
3247.3,598.4,352,140.8,282656.0
239.2,54.4,32,12.8,25696.0
1674.6,598.4,352,140.8,282656.0
148.5,57.8,34,13.6,27302.0
109.6,30.6,18,7.2,14454.0
127.5,35.7,21,8.4,16863.0
412.3,54.4,32,12.8,25696.0
840.2,334.9,197,78.8,158191.0
195.3,54.4,32,12.8,25696.0
282.3,54.4,32,12.8,25696.0
230.0,54.4,32,12.8,25696.0
181.8,49.3,29,11.6,23287.0
280.4,54.4,32,12.8,25696.0
14526.7,598.4,352,140.8,282656.0
621.2,248.2,146,58.4,117238.0
895.7,357.0,210,84.0,168630.0
3265.5,598.4,352,140.8,282656.0
475.9,164.9,97,38.8,77891.0
1215.9,178.5,105,42.0,84315.0
2354.2,598.4,352,140.8,282656.0
254.7,54.4,32,12.8,25696.0
183.5,51.0,30,12.0,24090.0
242.4,54.4,32,12.8,25696.0
106.8,28.9,17,6.8,13651.0
148.3,40.8,24,9.6,19272.0
233.4,54.4,32,12.8,25696.0
105.9,28.9,17,6.8,13651.0
164.0,45.9,27,10.8,21681.0
42.7,11.9,7,2.8,5621.0
2404.2,598.4,352,140.8,282656.0
639.2,178.5,105,42.0,84315.0
247.3,54.4,32,12.8,25696.0
251.2,54.4,32,12.8,25696.0
270.1,54.4,32,12.8,25696.0
78.7,20.4,12,4.8,9636.0
346.6,54.4,32,12.8,25696.0
325.4,112.2,66,26.4,52998.0
234.4,81.6,48,19.2,38544.0
809.1,178.5,105,42.0,84315.0
195.5,68.0,40,16.0,32120.0
391.5,136.0,80,32.0,64240.0
317.7,110.5,65,26.0,52195.0
173.3,59.5,35,14.0,28105.0
343.0,54.4,32,12.8,25696.0
196.4,68.0,40,16.0,32120.0
635.8,178.5,105,42.0,84315.0
296.2,102.0,60,24.0,48180.0
303.2,105.4,62,24.8,49786.0
385.0,134.3,79,31.6,63437.0
197.3,68.0,40,16.0,32120.0
647.9,178.5,105,42.0,84315.0
647.4,178.5,105,42.0,84315.0
642.5,178.5,105,42.0,84315.0
207.6,71.4,42,16.8,33726.0
753.9,178.5,105,42.0,84315.0
430.1,171.7,101,40.4,81103.0
771.8,178.5,105,42.0,84315.0
218.3,74.8,44,17.6,35332.0
227.7,78.2,46,18.4,36938.0
420.7,146.2,86,34.4,69058.0
761.0,178.5,105,42.0,84315.0
892.0,178.5,105,42.0,84315.0
447.9,178.5,105,42.0,84315.0
240.7,83.3,49,19.6,39347.0
504.4,175.1,103,41.2,82709.0
240.5,54.4,32,12.8,25696.0
365.2,144.5,85,34.0,68255.0
321.3,112.2,66,26.4,52998.0
412.5,142.8,84,33.6,67452.0
484.1,168.3,99,39.6,79497.0
354.5,122.4,72,28.8,57816.0
199.4,69.7,41,16.4,32923.0
287.4,100.3,59,23.6,47377.0
574.5,178.5,105,42.0,84315.0
616.9,178.5,105,42.0,84315.0
557.4,178.5,105,42.0,84315.0
598.4,178.5,105,42.0,84315.0
568.8,178.5,105,42.0,84315.0
221.3,76.5,45,18.0,36135.0
316.9,110.5,65,26.0,52195.0
413.8,54.4,32,12.8,25696.0
486.0,170.0,100,40.0,80300.0
213.5,54.4,32,12.8,25696.0
156.1,42.5,25,10.0,20075.0
213.4,54.4,32,12.8,25696.0
288.7,100.3,59,23.6,47377.0
1155.1,178.5,105,42.0,84315.0
466.1,161.5,95,38.0,76285.0
435.5,54.4,32,12.8,25696.0
122.8,34.0,20,8.0,16060.0
145.0,49.3,29,11.6,23287.0
231.5,79.9,47,18.8,37741.0
1105.9,54.4,32,12.8,25696.0
116.1,32.3,19,7.6,15257.0
303.0,54.4,32,12.8,25696.0
949.7,54.4,32,12.8,25696.0
575.6,178.5,105,42.0,84315.0
119.8,32.3,19,7.6,15257.0
425.6,147.9,87,34.8,69861.0
47.4,11.9,7,2.8,5621.0
55.6,15.3,9,3.6,7227.0
211.0,73.1,43,17.2,34529.0
200.7,69.7,41,16.4,32923.0
545.8,178.5,105,42.0,84315.0
303.5,105.4,62,24.8,49786.0
338.4,54.4,32,12.8,25696.0
128.1,35.7,21,8.4,16863.0
181.2,71.4,42,16.8,33726.0
692.6,178.5,105,42.0,84315.0
398.3,139.4,82,32.8,65846.0
623.6,178.5,105,42.0,84315.0
389.4,136.0,80,32.0,64240.0
400.0,139.4,82,32.8,65846.0
665.8,178.5,105,42.0,84315.0
473.8,164.9,97,38.8,77891.0
253.6,88.4,52,20.8,41756.0
349.9,122.4,72,28.8,57816.0
247.8,86.7,51,20.4,40953.0
162.5,44.2,26,10.4,20878.0
130.5,35.7,21,8.4,16863.0
468.4,163.2,96,38.4,77088.0
59.9,15.3,9,3.6,7227.0
78.2,27.2,16,6.4,12848.0
722.3,178.5,105,42.0,84315.0
416.4,144.5,85,34.0,68255.0
161.1,44.2,26,10.4,20878.0
398.6,139.4,82,32.8,65846.0
108.4,28.9,17,6.8,13651.0
158.2,44.2,26,10.4,20878.0
86.6,23.8,14,5.6,11242.0
94.5,25.5,15,6.0,12045.0
359.5,54.4,32,12.8,25696.0
109.6,30.6,18,7.2,14454.0
255.3,88.4,52,20.8,41756.0
259.7,90.1,53,21.2,42559.0
1098.9,178.5,105,42.0,84315.0
293.6,102.0,60,24.0,48180.0
73.0,20.4,12,4.8,9636.0
337.9,117.3,69,27.6,55407.0
107.1,28.9,17,6.8,13651.0
82.5,22.1,13,5.2,10439.0
398.3,139.4,82,32.8,65846.0
91.2,25.5,15,6.0,12045.0
103.3,28.9,17,6.8,13651.0
85.0,23.8,14,5.6,11242.0
92.3,25.5,15,6.0,12045.0
275.0,95.2,56,22.4,44968.0
305.9,105.4,62,24.8,49786.0
410.7,142.8,84,33.6,67452.0
152.3,42.5,25,10.0,20075.0
334.3,115.6,68,27.2,54604.0
250.8,86.7,51,20.4,40953.0
150.7,40.8,24,9.6,19272.0
129.8,35.7,21,8.4,16863.0
206.6,54.4,32,12.8,25696.0
362.6,125.8,74,29.6,59422.0
267.5,93.5,55,22.0,44165.0
374.3,130.9,77,30.8,61831.0
208.2,71.4,42,16.8,33726.0
70.0,18.7,11,4.4,8833.0
310.8,107.1,63,25.2,50589.0
156.2,42.5,25,10.0,20075.0
295.5,102.0,60,24.0,48180.0
323.9,112.2,66,26.4,52998.0
272.2,95.2,56,22.4,44968.0
348.6,120.7,71,28.4,57013.0
387.2,134.3,79,31.6,63437.0
107.3,28.9,17,6.8,13651.0
92.8,25.5,15,6.0,12045.0
226.7,78.2,46,18.4,36938.0
402.7,139.4,82,32.8,65846.0
349.3,120.7,71,28.4,57013.0
271.1,93.5,55,22.0,44165.0
338.8,117.3,69,27.6,55407.0
62.9,17.0,10,4.0,8030.0
258.4,90.1,53,21.2,42559.0
236.3,81.6,48,19.2,38544.0
339.0,117.3,69,27.6,55407.0
159.3,44.2,26,10.4,20878.0
290.7,100.3,59,23.6,47377.0
299.7,54.4,32,12.8,25696.0
264.0,91.8,54,21.6,43362.0
43.7,11.9,7,2.8,5621.0
247.9,86.7,51,20.4,40953.0
402.0,139.4,82,32.8,65846.0
239.6,83.3,49,19.6,39347.0
390.5,136.0,80,32.0,64240.0
298.7,103.7,61,24.4,48983.0
275.9,95.2,56,22.4,44968.0
320.5,110.5,65,26.0,52195.0
286.2,98.6,58,23.2,46574.0
236.6,81.6,48,19.2,38544.0
123.6,34.0,20,8.0,16060.0
124.9,34.0,20,8.0,16060.0
192.3,76.5,45,18.0,36135.0
238.5,54.4,32,12.8,25696.0
106.0,28.9,17,6.8,13651.0
70.4,18.7,11,4.4,8833.0
130.7,35.7,21,8.4,16863.0
59.6,15.3,9,3.6,7227.0
96.0,25.5,15,6.0,12045.0
497.9,54.4,32,12.8,25696.0
105.0,28.9,17,6.8,13651.0
80.0,22.1,13,5.2,10439.0
144.2,39.1,23,9.2,18469.0
110.1,30.6,18,7.2,14454.0
88.5,23.8,14,5.6,11242.0
95.3,25.5,15,6.0,12045.0
266.7,91.8,54,21.6,43362.0
190.5,66.3,39,15.6,31317.0
225.4,54.4,32,12.8,25696.0
90.3,35.7,21,8.4,16863.0
1259.2,178.5,105,42.0,84315.0
141.2,56.1,33,13.2,26499.0
92.0,35.7,21,8.4,16863.0
989.2,394.4,232,92.8,186296.0
91.3,35.7,21,8.4,16863.0
1267.3,506.6,298,119.2,239294.0
455.0,181.9,107,42.8,85921.0
1023.8,408.0,240,96.0,192720.0
1882.0,598.4,352,140.8,282656.0
50.0,13.6,8,3.2,6424.0
28.9,6.8,4,1.6,3212.0
113.1,44.2,26,10.4,20878.0
33.7,8.5,5,2.0,4015.0
207.8,54.4,32,12.8,25696.0
27.6,6.8,4,1.6,3212.0
81.4,32.3,19,7.6,15257.0
32.8,8.5,5,2.0,4015.0
34.6,8.5,5,2.0,4015.0
258.5,90.1,53,21.2,42559.0
245.1,85.0,50,20.0,40150.0
292.1,102.0,60,24.0,48180.0
188.4,64.6,38,15.2,30514.0
276.2,95.2,56,22.4,44968.0
373.9,129.2,76,30.4,61028.0
257.8,90.1,53,21.2,42559.0
299.9,103.7,61,24.4,48983.0
354.5,122.4,72,28.8,57816.0
167.2,45.9,27,10.8,21681.0
97.5,27.2,16,6.4,12848.0
281.1,96.9,57,22.8,45771.0
379.1,132.6,78,31.2,62634.0
124.8,34.0,20,8.0,16060.0
208.9,54.4,32,12.8,25696.0
499.8,173.4,102,40.8,81906.0
1414.9,54.4,32,12.8,25696.0
125.6,34.0,20,8.0,16060.0
920.1,367.2,216,86.4,173448.0
281.4,112.2,66,26.4,52998.0
341.5,54.4,32,12.8,25696.0
376.4,54.4,32,12.8,25696.0
410.8,54.4,32,12.8,25696.0
195.0,54.4,32,12.8,25696.0
371.8,147.9,87,34.8,69861.0
114.0,30.6,18,7.2,14454.0
654.2,178.5,105,42.0,84315.0
163.4,44.2,26,10.4,20878.0
123.4,34.0,20,8.0,16060.0
420.7,166.6,98,39.2,78694.0
728.2,290.7,171,68.4,137313.0
518.4,178.5,105,42.0,84315.0
327.6,130.9,77,30.8,61831.0
880.1,178.5,105,42.0,84315.0
267.6,105.4,62,24.8,49786.0
261.6,54.4,32,12.8,25696.0
110.9,30.6,18,7.2,14454.0
119.9,32.3,19,7.6,15257.0
153.3,68.0,40,16.0,32120.0
228.5,54.4,32,12.8,25696.0
138.3,37.4,22,8.8,17666.0
130.0,35.7,21,8.4,16863.0
107.2,28.9,17,6.8,13651.0
112.8,30.6,18,7.2,14454.0
834.1,178.5,105,42.0,84315.0
128.1,35.7,21,8.4,16863.0
152.3,42.5,25,10.0,20075.0
135.4,37.4,22,8.8,17666.0
108.3,28.9,17,6.8,13651.0
754.4,178.5,105,42.0,84315.0
864.7,178.5,105,42.0,84315.0
490.6,171.7,101,40.4,81103.0
188.0,51.0,30,12.0,24090.0
120.9,32.3,19,7.6,15257.0
572.0,178.5,105,42.0,84315.0
166.0,45.9,27,10.8,21681.0
364.6,127.5,75,30.0,60225.0
139.7,39.1,23,9.2,18469.0
932.2,178.5,105,42.0,84315.0
115.3,30.6,18,7.2,14454.0
76.1,20.4,12,4.8,9636.0
118.6,32.3,19,7.6,15257.0
185.1,51.0,30,12.0,24090.0
102.6,27.2,16,6.4,12848.0
229.2,54.4,32,12.8,25696.0
126.3,34.0,20,8.0,16060.0
46.1,11.9,7,2.8,5621.0
135.2,37.4,22,8.8,17666.0
41.7,10.2,6,2.4,4818.0
24.6,6.8,4,1.6,3212.0
229.4,54.4,32,12.8,25696.0
128.0,35.7,21,8.4,16863.0
26.6,6.8,4,1.6,3212.0
1252.0,499.8,294,117.6,236082.0
1846.0,598.4,352,140.8,282656.0
538.8,178.5,105,42.0,84315.0
891.9,178.5,105,42.0,84315.0
4328.2,598.4,352,140.8,282656.0
220.1,54.4,32,12.8,25696.0
89.3,23.8,14,5.6,11242.0
92.3,25.5,15,6.0,12045.0
688.7,178.5,105,42.0,84315.0
352.6,139.4,82,32.8,65846.0
432.3,171.7,101,40.4,81103.0
77.9,20.4,12,4.8,9636.0
200.5,79.9,47,18.8,37741.0
391.3,54.4,32,12.8,25696.0
302.7,54.4,32,12.8,25696.0
176.9,49.3,29,11.6,23287.0
171.6,47.6,28,11.2,22484.0
658.2,178.5,105,42.0,84315.0
296.2,102.0,60,24.0,48180.0
620.3,246.5,145,58.0,116435.0
2581.8,598.4,352,140.8,282656.0
402.6,139.4,82,32.8,65846.0
998.7,178.5,105,42.0,84315.0
2245.1,598.4,352,140.8,282656.0
271.2,107.1,63,25.2,50589.0
369.9,54.4,32,12.8,25696.0
158.1,62.9,37,14.8,29711.0
210.1,83.3,49,19.6,39347.0
558.5,222.7,131,52.4,105193.0
2507.8,598.4,352,140.8,282656.0
321.8,127.5,75,30.0,60225.0
991.5,178.5,105,42.0,84315.0
838.4,178.5,105,42.0,84315.0
445.1,176.8,104,41.6,83512.0
1337.4,533.8,314,125.6,252142.0
99.7,27.2,16,6.4,12848.0
163.4,44.2,26,10.4,20878.0
67.3,18.7,11,4.4,8833.0
82.4,22.1,13,5.2,10439.0
104.8,28.9,17,6.8,13651.0
144.8,39.1,23,9.2,18469.0
94.6,25.5,15,6.0,12045.0
121.2,32.3,19,7.6,15257.0
95.9,25.5,15,6.0,12045.0
137.3,37.4,22,8.8,17666.0
146.5,40.8,24,9.6,19272.0
62.4,17.0,10,4.0,8030.0
114.4,30.6,18,7.2,14454.0
135.7,37.4,22,8.8,17666.0
146.2,40.8,24,9.6,19272.0
119.6,32.3,19,7.6,15257.0
94.9,25.5,15,6.0,12045.0
1257.4,501.5,295,118.0,236885.0
55.0,15.3,9,3.6,7227.0
102.1,40.8,24,9.6,19272.0
153.7,61.2,36,14.4,28908.0
407.9,161.5,95,38.0,76285.0
224.0,54.4,32,12.8,25696.0
249.5,54.4,32,12.8,25696.0
738.4,178.5,105,42.0,84315.0
594.0,178.5,105,42.0,84315.0
608.7,178.5,105,42.0,84315.0
425.5,54.4,32,12.8,25696.0
197.8,54.4,32,12.8,25696.0
680.0,178.5,105,42.0,84315.0
501.2,175.1,103,41.2,82709.0
375.8,54.4,32,12.8,25696.0
279.5,54.4,32,12.8,25696.0
292.5,54.4,32,12.8,25696.0
152.7,42.5,25,10.0,20075.0
103.1,27.2,16,6.4,12848.0
142.0,39.1,23,9.2,18469.0
951.1,178.5,105,42.0,84315.0
269.1,93.5,55,22.0,44165.0
288.0,54.4,32,12.8,25696.0
392.3,54.4,32,12.8,25696.0
252.9,54.4,32,12.8,25696.0
413.6,164.9,97,38.8,77891.0
867.5,346.8,204,81.6,163812.0
783.7,178.5,105,42.0,84315.0
184.4,73.1,43,17.2,34529.0
1106.7,442.0,260,104.0,208780.0
470.1,163.2,96,38.4,77088.0
1160.2,462.4,272,108.8,218416.0
266.3,54.4,32,12.8,25696.0
633.9,253.3,149,59.6,119647.0
294.9,54.4,32,12.8,25696.0
546.2,178.5,105,42.0,84315.0
931.1,372.3,219,87.6,175857.0
111.0,30.6,18,7.2,14454.0
342.7,54.4,32,12.8,25696.0
370.0,54.4,32,12.8,25696.0
31.7,8.5,5,2.0,4015.0
57.9,15.3,9,3.6,7227.0
344.0,54.4,32,12.8,25696.0
237.1,54.4,32,12.8,25696.0
1101.5,178.5,105,42.0,84315.0
182.3,51.0,30,12.0,24090.0
188.7,52.7,31,12.4,24893.0
1029.4,411.4,242,96.8,194326.0
1374.5,549.1,323,129.2,259369.0
8714.6,598.4,352,140.8,282656.0
2161.6,598.4,352,140.8,282656.0
2491.7,54.4,32,12.8,25696.0
2405.3,598.4,352,140.8,282656.0
771.5,307.7,181,72.4,145343.0
423.7,54.4,32,12.8,25696.0
1995.9,598.4,352,140.8,282656.0
671.4,266.9,157,62.8,126071.0
518.5,207.4,122,48.8,97966.0
12837.3,598.4,352,140.8,282656.0
393.3,54.4,32,12.8,25696.0
167.8,45.9,27,10.8,21681.0
113.9,30.6,18,7.2,14454.0
1000.5,399.5,235,94.0,188705.0
2836.1,598.4,352,140.8,282656.0
1186.3,178.5,105,42.0,84315.0
118.9,32.3,19,7.6,15257.0
374.1,54.4,32,12.8,25696.0
257.6,102.0,60,24.0,48180.0
359.0,142.8,84,33.6,67452.0
2414.2,598.4,352,140.8,282656.0
463.9,54.4,32,12.8,25696.0
978.4,178.5,105,42.0,84315.0
423.2,168.3,99,39.6,79497.0
291.8,54.4,32,12.8,25696.0
383.1,54.4,32,12.8,25696.0
343.8,54.4,32,12.8,25696.0
622.8,178.5,105,42.0,84315.0
382.4,54.4,32,12.8,25696.0
733.4,54.4,32,12.8,25696.0
490.1,54.4,32,12.8,25696.0
378.7,54.4,32,12.8,25696.0
525.3,54.4,32,12.8,25696.0
902.4,178.5,105,42.0,84315.0
424.0,147.9,87,34.8,69861.0
777.7,309.4,182,72.8,146146.0
394.6,54.4,32,12.8,25696.0
655.1,54.4,32,12.8,25696.0
556.8,54.4,32,12.8,25696.0
487.8,170.0,100,40.0,80300.0
573.7,54.4,32,12.8,25696.0
828.3,54.4,32,12.8,25696.0
43861.3,598.4,352,140.8,282656.0
379.4,54.4,32,12.8,25696.0
220.2,54.4,32,12.8,25696.0
2018.3,598.4,352,140.8,282656.0
1439.9,54.4,32,12.8,25696.0
308.1,122.4,72,28.8,57816.0
2916.6,598.4,352,140.8,282656.0
100.7,39.1,23,9.2,18469.0
625.7,178.5,105,42.0,84315.0
812.9,324.7,191,76.4,153373.0
469.9,187.0,110,44.0,88330.0
1412.1,564.4,332,132.8,266596.0
634.8,178.5,105,42.0,84315.0
1006.1,178.5,105,42.0,84315.0
179.5,49.3,29,11.6,23287.0
1442.4,178.5,105,42.0,84315.0
2536.8,598.4,352,140.8,282656.0
111.6,30.6,18,7.2,14454.0
83.6,22.1,13,5.2,10439.0
158.3,44.2,26,10.4,20878.0
190.0,52.7,31,12.4,24893.0
189.0,52.7,31,12.4,24893.0
189.0,52.7,31,12.4,24893.0
189.0,52.7,31,12.4,24893.0
189.0,52.7,31,12.4,24893.0
189.0,52.7,31,12.4,24893.0
71.3,18.7,11,4.4,8833.0
189.0,52.7,31,12.4,24893.0
189.0,52.7,31,12.4,24893.0
189.0,52.7,31,12.4,24893.0
189.0,52.7,31,12.4,24893.0
189.0,52.7,31,12.4,24893.0
189.0,52.7,31,12.4,24893.0
188.9,52.7,31,12.4,24893.0
189.0,52.7,31,12.4,24893.0
1348.8,178.5,105,42.0,84315.0
1493.3,178.5,105,42.0,84315.0
1696.0,178.5,105,42.0,84315.0
569.7,54.4,32,12.8,25696.0
926.4,368.9,217,86.8,174251.0
1471.7,588.2,346,138.4,277838.0
1389.4,178.5,105,42.0,84315.0
518.7,178.5,105,42.0,84315.0
51.2,13.6,8,3.2,6424.0
139.2,54.4,32,12.8,25696.0
308.0,122.4,72,28.8,57816.0
295.0,117.3,69,27.6,55407.0
341.4,54.4,32,12.8,25696.0
1105.6,178.5,105,42.0,84315.0
826.7,54.4,32,12.8,25696.0
564.9,178.5,105,42.0,84315.0
58.2,15.3,9,3.6,7227.0
581.9,54.4,32,12.8,25696.0
560.0,178.5,105,42.0,84315.0
254.8,54.4,32,12.8,25696.0
547.8,178.5,105,42.0,84315.0
412.5,164.9,97,38.8,77891.0
1717.1,54.4,32,12.8,25696.0
257.0,102.0,60,24.0,48180.0
684.2,54.4,32,12.8,25696.0
172.4,47.6,28,11.2,22484.0
379.9,151.3,89,35.6,71467.0
697.6,54.4,32,12.8,25696.0
1098.6,178.5,105,42.0,84315.0
727.5,178.5,105,42.0,84315.0
2177.3,598.4,352,140.8,282656.0
1631.1,598.4,352,140.8,282656.0
264.1,54.4,32,12.8,25696.0
503.8,200.6,118,47.2,94754.0
493.1,171.7,101,40.4,81103.0
772.8,54.4,32,12.8,25696.0
1062.2,423.3,249,99.6,199947.0
179.4,49.3,29,11.6,23287.0
127.2,34.0,20,8.0,16060.0
638.0,255.0,150,60.0,120450.0
196.2,54.4,32,12.8,25696.0
446.3,54.4,32,12.8,25696.0
1365.3,178.5,105,42.0,84315.0
1121.2,447.1,263,105.2,211189.0
671.1,54.4,32,12.8,25696.0
50.1,13.6,8,3.2,6424.0
397.0,54.4,32,12.8,25696.0
66.4,17.0,10,4.0,8030.0
72.0,18.7,11,4.4,8833.0
74.9,20.4,12,4.8,9636.0
457.9,54.4,32,12.8,25696.0
1144.8,457.3,269,107.6,216007.0
1767.8,178.5,105,42.0,84315.0
638.4,54.4,32,12.8,25696.0
192.6,52.7,31,12.4,24893.0
192.4,52.7,31,12.4,24893.0
348.2,54.4,32,12.8,25696.0
154.6,42.5,25,10.0,20075.0
314.1,124.1,73,29.2,58619.0
444.7,54.4,32,12.8,25696.0
206.7,54.4,32,12.8,25696.0
465.3,54.4,32,12.8,25696.0
1551.0,54.4,32,12.8,25696.0
2553.5,178.5,105,42.0,84315.0
1114.2,445.4,262,104.8,210386.0
434.6,173.4,102,40.8,81906.0
401.8,54.4,32,12.8,25696.0
470.4,187.0,110,44.0,88330.0
170.8,68.0,40,16.0,32120.0
406.1,54.4,32,12.8,25696.0
1052.6,54.4,32,12.8,25696.0
4764.0,178.5,105,42.0,84315.0
1220.5,487.9,287,114.8,230461.0
1566.9,598.4,352,140.8,282656.0
1064.7,54.4,32,12.8,25696.0
704.4,280.5,165,66.0,132495.0
153.4,42.5,25,10.0,20075.0
447.0,54.4,32,12.8,25696.0
618.9,178.5,105,42.0,84315.0
640.4,255.0,150,60.0,120450.0
399.9,159.8,94,37.6,75482.0
415.2,164.9,97,38.8,77891.0
287.3,113.9,67,26.8,53801.0
261.6,103.7,61,24.4,48983.0
1287.3,513.4,302,120.8,242506.0
140.7,39.1,23,9.2,18469.0
358.8,124.1,73,29.2,58619.0
78.4,30.6,18,7.2,14454.0
4074.5,178.5,105,42.0,84315.0
332.1,132.6,78,31.2,62634.0
95.3,37.4,22,8.8,17666.0
114.1,44.2,26,10.4,20878.0
253.6,100.3,59,23.6,47377.0
455.8,181.9,107,42.8,85921.0
337.2,134.3,79,31.6,63437.0
378.6,151.3,89,35.6,71467.0
102.5,27.2,16,6.4,12848.0
3089.5,598.4,352,140.8,282656.0
1017.9,406.3,239,95.6,191917.0
280.6,112.2,66,26.4,52998.0
549.8,219.3,129,51.6,103587.0
64.8,17.0,10,4.0,8030.0
179.2,71.4,42,16.8,33726.0
37.9,10.2,6,2.4,4818.0
455.8,181.9,107,42.8,85921.0
674.9,268.6,158,63.2,126874.0
1030.9,411.4,242,96.8,194326.0
583.8,178.5,105,42.0,84315.0
269.0,107.1,63,25.2,50589.0
826.8,329.8,194,77.6,155782.0
279.1,110.5,65,26.0,52195.0
466.6,185.3,109,43.6,87527.0
361.4,144.5,85,34.0,68255.0
699.5,278.8,164,65.6,131692.0
893.4,178.5,105,42.0,84315.0
1253.0,178.5,105,42.0,84315.0
201.1,54.4,32,12.8,25696.0
350.1,139.4,82,32.8,65846.0
1327.0,530.4,312,124.8,250536.0
614.8,244.8,144,57.6,115632.0
317.8,125.8,74,29.6,59422.0
295.4,117.3,69,27.6,55407.0
356.4,141.1,83,33.2,66649.0
223.7,88.4,52,20.8,41756.0
513.1,204.0,120,48.0,96360.0
136.5,37.4,22,8.8,17666.0
135.2,37.4,22,8.8,17666.0
265.7,54.4,32,12.8,25696.0
104.6,28.9,17,6.8,13651.0
2082.9,598.4,352,140.8,282656.0
1464.8,584.8,344,137.6,276232.0
168.1,45.9,27,10.8,21681.0
1444.3,576.3,339,135.6,272217.0
1884.6,598.4,352,140.8,282656.0
1931.2,598.4,352,140.8,282656.0
1105.2,178.5,105,42.0,84315.0
673.0,268.6,158,63.2,126874.0
2601.9,598.4,352,140.8,282656.0
122.4,47.6,28,11.2,22484.0
226.9,54.4,32,12.8,25696.0
251.8,100.3,59,23.6,47377.0
203.4,79.9,47,18.8,37741.0
192.0,76.5,45,18.0,36135.0
136.1,54.4,32,12.8,25696.0
135.3,52.7,31,12.4,24893.0
142.0,56.1,33,13.2,26499.0
161.1,62.9,37,14.8,29711.0
693.3,277.1,163,65.2,130889.0
489.1,170.0,100,40.0,80300.0
157.5,54.4,32,12.8,25696.0
279.1,54.4,32,12.8,25696.0
191.0,52.7,31,12.4,24893.0
92.8,25.5,15,6.0,12045.0
446.1,176.8,104,41.6,83512.0
371.7,147.9,87,34.8,69861.0
525.2,209.1,123,49.2,98769.0
165.5,64.6,38,15.2,30514.0
320.1,127.5,75,30.0,60225.0
198.5,78.2,46,18.4,36938.0
181.1,71.4,42,16.8,33726.0
181.2,71.4,42,16.8,33726.0
394.4,156.4,92,36.8,73876.0
348.1,137.7,81,32.4,65043.0
344.5,137.7,81,32.4,65043.0
130.6,51.0,30,12.0,24090.0
1479.4,591.6,348,139.2,279444.0
677.6,270.3,159,63.6,127677.0
208.3,83.3,49,19.6,39347.0
451.2,180.2,106,42.4,85118.0
570.6,227.8,134,53.6,107602.0
375.7,54.4,32,12.8,25696.0
661.9,263.5,155,62.0,124465.0
347.9,137.7,81,32.4,65043.0
917.7,365.5,215,86.0,172645.0
879.8,178.5,105,42.0,84315.0
811.9,324.7,191,76.4,153373.0
307.6,122.4,72,28.8,57816.0
1316.7,525.3,309,123.6,248127.0
555.3,221.0,130,52.0,104390.0
196.5,78.2,46,18.4,36938.0
363.8,144.5,85,34.0,68255.0
436.4,151.3,89,35.6,71467.0
136.5,37.4,22,8.8,17666.0
851.4,340.0,200,80.0,160600.0
1134.6,452.2,266,106.4,213598.0
2847.9,598.4,352,140.8,282656.0
1113.6,445.4,262,104.8,210386.0
3059.8,598.4,352,140.8,282656.0
158.3,44.2,26,10.4,20878.0
239.5,95.2,56,22.4,44968.0
68.1,27.2,16,6.4,12848.0
128.6,51.0,30,12.0,24090.0
94.9,37.4,22,8.8,17666.0
191.7,76.5,45,18.0,36135.0
158.4,62.9,37,14.8,29711.0
167.8,66.3,39,15.6,31317.0
389.3,154.7,91,36.4,73073.0
800.5,319.6,188,75.2,150964.0
291.5,115.6,68,27.2,54604.0
87.7,34.0,20,8.0,16060.0
130.6,51.0,30,12.0,24090.0
217.4,86.7,51,20.4,40953.0
152.3,59.5,35,14.0,28105.0
48.0,18.7,11,4.4,8833.0
128.9,51.0,30,12.0,24090.0
222.8,54.4,32,12.8,25696.0
376.3,54.4,32,12.8,25696.0
129.1,35.7,21,8.4,16863.0
926.3,178.5,105,42.0,84315.0
818.8,54.4,32,12.8,25696.0
640.0,178.5,105,42.0,84315.0
212.7,54.4,32,12.8,25696.0
576.8,54.4,32,12.8,25696.0
530.2,210.8,124,49.6,99572.0
807.4,321.3,189,75.6,151767.0
465.6,185.3,109,43.6,87527.0
617.2,54.4,32,12.8,25696.0
400.1,159.8,94,37.6,75482.0
1161.3,54.4,32,12.8,25696.0
615.1,178.5,105,42.0,84315.0
2488.4,598.4,352,140.8,282656.0
951.1,54.4,32,12.8,25696.0
4289.2,598.4,352,140.8,282656.0
668.1,54.4,32,12.8,25696.0
265.5,54.4,32,12.8,25696.0
447.8,54.4,32,12.8,25696.0
602.2,178.5,105,42.0,84315.0
403.6,54.4,32,12.8,25696.0
411.3,54.4,32,12.8,25696.0
1009.0,178.5,105,42.0,84315.0
392.7,156.4,92,36.8,73876.0
325.1,54.4,32,12.8,25696.0
479.5,190.4,112,44.8,89936.0
622.8,54.4,32,12.8,25696.0
453.6,54.4,32,12.8,25696.0
840.8,54.4,32,12.8,25696.0
1484.4,54.4,32,12.8,25696.0
384.2,54.4,32,12.8,25696.0
390.1,54.4,32,12.8,25696.0
392.0,54.4,32,12.8,25696.0
137.6,37.4,22,8.8,17666.0
426.7,54.4,32,12.8,25696.0
517.8,178.5,105,42.0,84315.0
296.4,54.4,32,12.8,25696.0
817.2,178.5,105,42.0,84315.0
234.4,54.4,32,12.8,25696.0
325.8,54.4,32,12.8,25696.0
355.9,54.4,32,12.8,25696.0
183.9,51.0,30,12.0,24090.0
243.2,54.4,32,12.8,25696.0
145.3,39.1,23,9.2,18469.0
144.6,39.1,23,9.2,18469.0
335.7,54.4,32,12.8,25696.0
376.7,54.4,32,12.8,25696.0
277.2,54.4,32,12.8,25696.0
246.0,54.4,32,12.8,25696.0
319.3,54.4,32,12.8,25696.0
507.0,176.8,104,41.6,83512.0
2957.6,598.4,352,140.8,282656.0
1352.8,178.5,105,42.0,84315.0
307.4,54.4,32,12.8,25696.0
1669.5,178.5,105,42.0,84315.0
1233.7,54.4,32,12.8,25696.0
783.0,178.5,105,42.0,84315.0
971.9,54.4,32,12.8,25696.0
1022.4,54.4,32,12.8,25696.0
185.2,51.0,30,12.0,24090.0
478.3,54.4,32,12.8,25696.0
1744.2,54.4,32,12.8,25696.0
642.8,256.7,151,60.4,121253.0
199.9,79.9,47,18.8,37741.0
191.6,76.5,45,18.0,36135.0
160.0,62.9,37,14.8,29711.0
98.8,39.1,23,9.2,18469.0
417.8,166.6,98,39.2,78694.0
249.1,54.4,32,12.8,25696.0
307.0,122.4,72,28.8,57816.0
403.9,161.5,95,38.0,76285.0
169.9,45.9,27,10.8,21681.0
388.4,154.7,91,36.4,73073.0
192.6,76.5,45,18.0,36135.0
148.2,57.8,34,13.6,27302.0
99.8,27.2,16,6.4,12848.0
334.6,54.4,32,12.8,25696.0
139.3,37.4,22,8.8,17666.0
97.2,27.2,16,6.4,12848.0
177.2,49.3,29,11.6,23287.0
208.4,54.4,32,12.8,25696.0
1161.9,54.4,32,12.8,25696.0
1477.3,589.9,347,138.8,278641.0
209.7,54.4,32,12.8,25696.0
185.6,51.0,30,12.0,24090.0
395.7,158.1,93,37.2,74679.0
828.4,329.8,194,77.6,155782.0
518.0,205.7,121,48.4,97163.0
443.2,176.8,104,41.6,83512.0
436.6,173.4,102,40.8,81906.0
866.3,345.1,203,81.2,163009.0
34.6,8.5,5,2.0,4015.0
413.7,164.9,97,38.8,77891.0
568.5,54.4,32,12.8,25696.0
591.5,54.4,32,12.8,25696.0
215.9,54.4,32,12.8,25696.0
240.0,54.4,32,12.8,25696.0
467.7,54.4,32,12.8,25696.0
300.6,54.4,32,12.8,25696.0
271.8,54.4,32,12.8,25696.0
518.3,54.4,32,12.8,25696.0
1044.4,54.4,32,12.8,25696.0
516.6,54.4,32,12.8,25696.0
764.8,178.5,105,42.0,84315.0
854.5,178.5,105,42.0,84315.0
615.8,178.5,105,42.0,84315.0
1799.1,54.4,32,12.8,25696.0
1329.0,530.4,312,124.8,250536.0
1460.8,583.1,343,137.2,275429.0
968.5,178.5,105,42.0,84315.0
2793.2,54.4,32,12.8,25696.0
795.7,178.5,105,42.0,84315.0
130.5,35.7,21,8.4,16863.0
130.2,35.7,21,8.4,16863.0
559.9,54.4,32,12.8,25696.0
866.7,54.4,32,12.8,25696.0
385.1,54.4,32,12.8,25696.0
204.0,54.4,32,12.8,25696.0
197.6,54.4,32,12.8,25696.0
226.7,54.4,32,12.8,25696.0
281.5,54.4,32,12.8,25696.0
575.2,54.4,32,12.8,25696.0
1073.7,54.4,32,12.8,25696.0
472.9,188.7,111,44.4,89133.0
812.6,54.4,32,12.8,25696.0
930.4,54.4,32,12.8,25696.0
222.4,54.4,32,12.8,25696.0
423.3,54.4,32,12.8,25696.0
155.1,42.5,25,10.0,20075.0
145.7,39.1,23,9.2,18469.0
195.1,54.4,32,12.8,25696.0
326.0,54.4,32,12.8,25696.0
185.7,51.0,30,12.0,24090.0
90.1,23.8,14,5.6,11242.0
33.4,8.5,5,2.0,4015.0
2602.0,598.4,352,140.8,282656.0
1187.5,474.3,279,111.6,224037.0
2254.1,598.4,352,140.8,282656.0
412.8,164.9,97,38.8,77891.0
1005.1,401.2,236,94.4,189508.0
706.3,282.2,166,66.4,133298.0
647.9,178.5,105,42.0,84315.0
1613.8,178.5,105,42.0,84315.0
1436.4,572.9,337,134.8,270611.0
1056.0,421.6,248,99.2,199144.0
1354.1,540.6,318,127.2,255354.0
157.5,62.9,37,14.8,29711.0
336.7,134.3,79,31.6,63437.0
475.8,188.7,111,44.4,89133.0
1792.0,598.4,352,140.8,282656.0
287.6,113.9,67,26.8,53801.0
185.3,51.0,30,12.0,24090.0
652.4,178.5,105,42.0,84315.0
361.3,54.4,32,12.8,25696.0
638.4,255.0,150,60.0,120450.0
917.1,365.5,215,86.0,172645.0
1325.4,528.7,311,124.4,249733.0
510.2,204.0,120,48.0,96360.0
891.1,355.3,209,83.6,167827.0
939.8,178.5,105,42.0,84315.0
355.0,54.4,32,12.8,25696.0
337.5,134.3,79,31.6,63437.0
481.8,54.4,32,12.8,25696.0
534.4,178.5,105,42.0,84315.0
433.0,54.4,32,12.8,25696.0
195.9,54.4,32,12.8,25696.0
333.3,54.4,32,12.8,25696.0
139.6,37.4,22,8.8,17666.0
206.7,54.4,32,12.8,25696.0
392.9,54.4,32,12.8,25696.0
613.5,178.5,105,42.0,84315.0
216.2,54.4,32,12.8,25696.0
556.1,178.5,105,42.0,84315.0
624.4,248.2,146,58.4,117238.0
590.9,54.4,32,12.8,25696.0
1602.5,598.4,352,140.8,282656.0
1071.6,428.4,252,100.8,202356.0
546.4,178.5,105,42.0,84315.0
273.4,54.4,32,12.8,25696.0
726.6,289.0,170,68.0,136510.0
695.0,277.1,163,65.2,130889.0
317.7,125.8,74,29.6,59422.0
535.7,214.2,126,50.4,101178.0
2180.6,598.4,352,140.8,282656.0
581.2,178.5,105,42.0,84315.0
315.6,54.4,32,12.8,25696.0
694.9,178.5,105,42.0,84315.0
2161.3,899.3,529,211.6,424787.0
1125.8,448.8,264,105.6,211992.0
2743.4,598.4,352,140.8,282656.0
650.9,178.5,105,42.0,84315.0
281.9,54.4,32,12.8,25696.0
586.6,178.5,105,42.0,84315.0
272.6,54.4,32,12.8,25696.0
3021.6,899.3,529,211.6,424787.0
419.5,54.4,32,12.8,25696.0
721.9,178.5,105,42.0,84315.0
94.1,25.5,15,6.0,12045.0
408.8,54.4,32,12.8,25696.0
1141.0,178.5,105,42.0,84315.0
1525.8,178.5,105,42.0,84315.0
652.0,178.5,105,42.0,84315.0
213.2,54.4,32,12.8,25696.0
611.5,243.1,143,57.2,114829.0
617.2,178.5,105,42.0,84315.0
767.6,54.4,32,12.8,25696.0
990.9,54.4,32,12.8,25696.0
857.8,54.4,32,12.8,25696.0
249.7,54.4,32,12.8,25696.0
305.6,54.4,32,12.8,25696.0
450.2,156.4,92,36.8,73876.0
1150.3,178.5,105,42.0,84315.0
1342.8,178.5,105,42.0,84315.0
378.2,54.4,32,12.8,25696.0
187.5,51.0,30,12.0,24090.0
56.3,15.3,9,3.6,7227.0
37.1,10.2,6,2.4,4818.0
217.7,54.4,32,12.8,25696.0
86.5,23.8,14,5.6,11242.0
72.7,18.7,11,4.4,8833.0
340.4,54.4,32,12.8,25696.0
288.7,100.3,59,23.6,47377.0
428.8,149.6,88,35.2,70664.0
406.6,141.1,83,33.2,66649.0
171.4,59.5,35,14.0,28105.0
167.3,57.8,34,13.6,27302.0
573.1,178.5,105,42.0,84315.0
617.0,178.5,105,42.0,84315.0
216.9,54.4,32,12.8,25696.0
602.6,178.5,105,42.0,84315.0
1529.0,686.8,404,161.6,324412.0
1560.3,178.5,105,42.0,84315.0
579.6,178.5,105,42.0,84315.0
2125.7,598.4,352,140.8,282656.0
3718.8,598.4,352,140.8,282656.0
101.6,27.2,16,6.4,12848.0
104.1,28.9,17,6.8,13651.0
266.6,91.8,54,21.6,43362.0
285.8,98.6,58,23.2,46574.0
443.0,154.7,91,36.4,73073.0
654.1,178.5,105,42.0,84315.0
964.7,178.5,105,42.0,84315.0
772.3,178.5,105,42.0,84315.0
575.4,178.5,105,42.0,84315.0
650.6,178.5,105,42.0,84315.0
505.9,176.8,104,41.6,83512.0
651.4,178.5,105,42.0,84315.0
673.9,178.5,105,42.0,84315.0
708.3,178.5,105,42.0,84315.0
1023.7,178.5,105,42.0,84315.0
200.3,79.9,47,18.8,37741.0
222.7,54.4,32,12.8,25696.0
427.2,54.4,32,12.8,25696.0
67.6,18.7,11,4.4,8833.0
195.7,78.2,46,18.4,36938.0
408.1,142.8,84,33.6,67452.0
243.6,96.9,57,22.8,45771.0
135.6,37.4,22,8.8,17666.0
877.7,178.5,105,42.0,84315.0
363.2,54.4,32,12.8,25696.0
314.4,54.4,32,12.8,25696.0
2958.6,598.4,352,140.8,282656.0
1363.6,178.5,105,42.0,84315.0
302.8,54.4,32,12.8,25696.0
522.7,178.5,105,42.0,84315.0
589.7,178.5,105,42.0,84315.0
2944.5,598.4,352,140.8,282656.0
284.0,98.6,58,23.2,46574.0
129.0,35.7,21,8.4,16863.0
218.6,54.4,32,12.8,25696.0
582.6,178.5,105,42.0,84315.0
308.2,54.4,32,12.8,25696.0
516.8,178.5,105,42.0,84315.0
258.8,54.4,32,12.8,25696.0
267.9,54.4,32,12.8,25696.0
237.4,54.4,32,12.8,25696.0
391.3,54.4,32,12.8,25696.0
611.1,178.5,105,42.0,84315.0
2808.0,598.4,352,140.8,282656.0
2071.6,598.4,352,140.8,282656.0
399.4,158.1,93,37.2,74679.0
303.3,120.7,71,28.4,57013.0
985.7,392.7,231,92.4,185493.0
758.2,302.6,178,71.2,142934.0
846.2,54.4,32,12.8,25696.0
1326.5,54.4,32,12.8,25696.0
347.2,54.4,32,12.8,25696.0
380.1,54.4,32,12.8,25696.0
137.2,37.4,22,8.8,17666.0
133.9,37.4,22,8.8,17666.0
598.9,178.5,105,42.0,84315.0
556.9,178.5,105,42.0,84315.0
796.4,178.5,105,42.0,84315.0
1236.0,54.4,32,12.8,25696.0
723.0,54.4,32,12.8,25696.0
1195.9,54.4,32,12.8,25696.0
463.6,161.5,95,38.0,76285.0
556.5,221.0,130,52.0,104390.0
549.0,178.5,105,42.0,84315.0
228.9,54.4,32,12.8,25696.0
2819.2,598.4,352,140.8,282656.0
3838.7,598.4,352,140.8,282656.0
674.1,178.5,105,42.0,84315.0
803.1,178.5,105,42.0,84315.0
929.7,178.5,105,42.0,84315.0
890.1,178.5,105,42.0,84315.0
971.5,178.5,105,42.0,84315.0
229.1,54.4,32,12.8,25696.0
192.0,52.7,31,12.4,24893.0
750.1,178.5,105,42.0,84315.0
684.1,178.5,105,42.0,84315.0
703.5,178.5,105,42.0,84315.0
549.1,178.5,105,42.0,84315.0
331.1,54.4,32,12.8,25696.0
1426.9,178.5,105,42.0,84315.0
357.2,54.4,32,12.8,25696.0
1039.3,178.5,105,42.0,84315.0
468.4,163.2,96,38.4,77088.0
1590.7,178.5,105,42.0,84315.0
730.0,178.5,105,42.0,84315.0
1587.1,178.5,105,42.0,84315.0
1153.8,178.5,105,42.0,84315.0
121.2,32.3,19,7.6,15257.0
344.2,54.4,32,12.8,25696.0
294.6,54.4,32,12.8,25696.0
399.6,54.4,32,12.8,25696.0
938.5,178.5,105,42.0,84315.0
621.5,178.5,105,42.0,84315.0
183.6,51.0,30,12.0,24090.0
396.4,54.4,32,12.8,25696.0
137.0,37.4,22,8.8,17666.0
581.3,178.5,105,42.0,84315.0
594.8,178.5,105,42.0,84315.0
971.1,178.5,105,42.0,84315.0
560.6,178.5,105,42.0,84315.0
246.1,54.4,32,12.8,25696.0
309.3,54.4,32,12.8,25696.0
294.9,54.4,32,12.8,25696.0
431.5,54.4,32,12.8,25696.0
443.7,54.4,32,12.8,25696.0
485.7,168.3,99,39.6,79497.0
567.1,178.5,105,42.0,84315.0
411.9,54.4,32,12.8,25696.0
106.0,28.9,17,6.8,13651.0
171.4,47.6,28,11.2,22484.0
97.4,27.2,16,6.4,12848.0
84.2,22.1,13,5.2,10439.0
82.6,22.1,13,5.2,10439.0
95.6,25.5,15,6.0,12045.0
100.4,27.2,16,6.4,12848.0
163.8,44.2,26,10.4,20878.0
105.3,28.9,17,6.8,13651.0
607.3,178.5,105,42.0,84315.0
847.7,178.5,105,42.0,84315.0
722.3,178.5,105,42.0,84315.0
1272.7,178.5,105,42.0,84315.0
558.9,178.5,105,42.0,84315.0
269.9,54.4,32,12.8,25696.0
250.4,54.4,32,12.8,25696.0
379.4,54.4,32,12.8,25696.0
141.2,39.1,23,9.2,18469.0
224.0,54.4,32,12.8,25696.0
399.0,54.4,32,12.8,25696.0
238.4,54.4,32,12.8,25696.0
330.5,54.4,32,12.8,25696.0
207.1,54.4,32,12.8,25696.0
73.0,20.4,12,4.8,9636.0
395.2,54.4,32,12.8,25696.0
276.5,54.4,32,12.8,25696.0
432.9,54.4,32,12.8,25696.0
265.4,54.4,32,12.8,25696.0
482.6,168.3,99,39.6,79497.0
270.0,54.4,32,12.8,25696.0
312.3,54.4,32,12.8,25696.0
164.2,45.9,27,10.8,21681.0
152.9,42.5,25,10.0,20075.0
340.8,54.4,32,12.8,25696.0
239.0,54.4,32,12.8,25696.0
333.1,54.4,32,12.8,25696.0
865.1,178.5,105,42.0,84315.0
841.1,178.5,105,42.0,84315.0
210.7,54.4,32,12.8,25696.0
220.1,54.4,32,12.8,25696.0
1034.3,178.5,105,42.0,84315.0
439.8,54.4,32,12.8,25696.0
134.6,37.4,22,8.8,17666.0
1571.8,178.5,105,42.0,84315.0
643.1,178.5,105,42.0,84315.0
763.1,178.5,105,42.0,84315.0
196.8,54.4,32,12.8,25696.0
184.1,51.0,30,12.0,24090.0
180.5,49.3,29,11.6,23287.0
104.2,28.9,17,6.8,13651.0
69.6,18.7,11,4.4,8833.0
88.2,23.8,14,5.6,11242.0
248.8,54.4,32,12.8,25696.0
102.9,27.2,16,6.4,12848.0
73.7,20.4,12,4.8,9636.0
81.6,22.1,13,5.2,10439.0
131.6,35.7,21,8.4,16863.0
169.6,45.9,27,10.8,21681.0
1141.9,178.5,105,42.0,84315.0
640.5,178.5,105,42.0,84315.0
1185.3,178.5,105,42.0,84315.0
715.1,178.5,105,42.0,84315.0
303.7,54.4,32,12.8,25696.0
393.8,54.4,32,12.8,25696.0
611.9,178.5,105,42.0,84315.0
126.2,34.0,20,8.0,16060.0
700.1,178.5,105,42.0,84315.0
528.9,178.5,105,42.0,84315.0
1291.9,178.5,105,42.0,84315.0
225.8,54.4,32,12.8,25696.0
816.6,178.5,105,42.0,84315.0
506.4,176.8,104,41.6,83512.0
761.8,178.5,105,42.0,84315.0
297.3,54.4,32,12.8,25696.0
231.4,54.4,32,12.8,25696.0
286.4,54.4,32,12.8,25696.0
550.8,178.5,105,42.0,84315.0
643.1,178.5,105,42.0,84315.0
436.2,54.4,32,12.8,25696.0
128.5,35.7,21,8.4,16863.0
91.8,25.5,15,6.0,12045.0
171.8,47.6,28,11.2,22484.0
257.6,54.4,32,12.8,25696.0
205.1,54.4,32,12.8,25696.0
86.5,23.8,14,5.6,11242.0
47.8,11.9,7,2.8,5621.0
114.8,30.6,18,7.2,14454.0
389.3,54.4,32,12.8,25696.0
507.4,176.8,104,41.6,83512.0
271.6,54.4,32,12.8,25696.0
52.9,13.6,8,3.2,6424.0
525.8,178.5,105,42.0,84315.0
368.7,54.4,32,12.8,25696.0
171.3,47.6,28,11.2,22484.0
69.8,18.7,11,4.4,8833.0
336.8,54.4,32,12.8,25696.0
123.4,34.0,20,8.0,16060.0
140.6,39.1,23,9.2,18469.0
113.8,30.6,18,7.2,14454.0
99.8,27.2,16,6.4,12848.0
277.7,54.4,32,12.8,25696.0
188.6,52.7,31,12.4,24893.0
105.3,28.9,17,6.8,13651.0
156.5,42.5,25,10.0,20075.0
111.2,30.6,18,7.2,14454.0
206.6,54.4,32,12.8,25696.0
161.6,44.2,26,10.4,20878.0
188.0,51.0,30,12.0,24090.0
188.5,52.7,31,12.4,24893.0
162.4,44.2,26,10.4,20878.0
41.0,10.2,6,2.4,4818.0
244.0,54.4,32,12.8,25696.0
140.9,39.1,23,9.2,18469.0
166.8,45.9,27,10.8,21681.0
107.8,28.9,17,6.8,13651.0
222.1,54.4,32,12.8,25696.0
89.3,23.8,14,5.6,11242.0
113.7,30.6,18,7.2,14454.0
100.6,27.2,16,6.4,12848.0
99.9,27.2,16,6.4,12848.0
95.2,25.5,15,6.0,12045.0
102.9,27.2,16,6.4,12848.0
252.2,54.4,32,12.8,25696.0
183.0,51.0,30,12.0,24090.0
203.5,54.4,32,12.8,25696.0
130.6,35.7,21,8.4,16863.0
163.4,44.2,26,10.4,20878.0
114.0,30.6,18,7.2,14454.0
98.4,27.2,16,6.4,12848.0
65.7,17.0,10,4.0,8030.0
142.8,39.1,23,9.2,18469.0
130.4,35.7,21,8.4,16863.0
786.2,178.5,105,42.0,84315.0
530.7,210.8,124,49.6,99572.0
672.1,178.5,105,42.0,84315.0
364.8,54.4,32,12.8,25696.0
1329.7,178.5,105,42.0,84315.0
2122.1,598.4,352,140.8,282656.0
76.7,20.4,12,4.8,9636.0
127.4,34.0,20,8.0,16060.0
252.6,54.4,32,12.8,25696.0
616.8,54.4,32,12.8,25696.0
867.2,54.4,32,12.8,25696.0
623.3,248.2,146,58.4,117238.0
769.2,178.5,105,42.0,84315.0
602.3,178.5,105,42.0,84315.0
190.6,52.7,31,12.4,24893.0
222.7,54.4,32,12.8,25696.0
1036.1,54.4,32,12.8,25696.0
1086.0,54.4,32,12.8,25696.0
1561.5,178.5,105,42.0,84315.0
655.8,178.5,105,42.0,84315.0
485.8,170.0,100,40.0,80300.0
608.6,178.5,105,42.0,84315.0
492.2,171.7,101,40.4,81103.0
202.0,54.4,32,12.8,25696.0
156.0,42.5,25,10.0,20075.0
205.7,54.4,32,12.8,25696.0
124.4,34.0,20,8.0,16060.0
174.7,47.6,28,11.2,22484.0
174.7,47.6,28,11.2,22484.0
174.7,47.6,28,11.2,22484.0
79.5,22.1,13,5.2,10439.0
389.2,54.4,32,12.8,25696.0
617.1,178.5,105,42.0,84315.0
161.0,44.2,26,10.4,20878.0
161.0,44.2,26,10.4,20878.0
160.9,44.2,26,10.4,20878.0
113.8,30.6,18,7.2,14454.0
240.0,54.4,32,12.8,25696.0
239.9,54.4,32,12.8,25696.0
239.9,54.4,32,12.8,25696.0
240.0,54.4,32,12.8,25696.0
383.2,54.4,32,12.8,25696.0
575.8,229.5,135,54.0,108405.0
184.2,73.1,43,17.2,34529.0
144.3,56.1,33,13.2,26499.0
217.2,86.7,51,20.4,40953.0
229.8,91.8,54,21.6,43362.0
222.0,88.4,52,20.8,41756.0
307.4,54.4,32,12.8,25696.0
516.0,205.7,121,48.4,97163.0
8812.8,899.3,529,211.6,424787.0
3634.4,899.3,529,211.6,424787.0
271.3,107.1,63,25.2,50589.0
150.5,59.5,35,14.0,28105.0
202.9,79.9,47,18.8,37741.0
154.4,61.2,36,14.4,28908.0
186.6,73.1,43,17.2,34529.0
286.0,113.9,67,26.8,53801.0
202.2,79.9,47,18.8,37741.0
165.1,64.6,38,15.2,30514.0
369.4,146.2,86,34.4,69058.0
373.0,147.9,87,34.8,69861.0
280.0,110.5,65,26.0,52195.0
227.0,90.1,53,21.2,42559.0
201.2,79.9,47,18.8,37741.0
328.2,130.9,77,30.8,61831.0
184.5,73.1,43,17.2,34529.0
120.9,32.3,19,7.6,15257.0
278.6,54.4,32,12.8,25696.0
232.6,54.4,32,12.8,25696.0
231.7,54.4,32,12.8,25696.0
263.7,54.4,32,12.8,25696.0
121.7,34.0,20,8.0,16060.0
180.6,49.3,29,11.6,23287.0
514.8,205.7,121,48.4,97163.0
234.5,93.5,55,22.0,44165.0
569.4,178.5,105,42.0,84315.0
170.2,47.6,28,11.2,22484.0
154.1,42.5,25,10.0,20075.0
87.2,23.8,14,5.6,11242.0
447.8,54.4,32,12.8,25696.0
4474.8,178.5,105,42.0,84315.0
519.5,54.4,32,12.8,25696.0
176.5,49.3,29,11.6,23287.0
173.8,47.6,28,11.2,22484.0
146.9,40.8,24,9.6,19272.0
101.9,27.2,16,6.4,12848.0
118.5,32.3,19,7.6,15257.0
84.5,22.1,13,5.2,10439.0
170.1,47.6,28,11.2,22484.0
148.4,40.8,24,9.6,19272.0
103.7,28.9,17,6.8,13651.0
103.6,28.9,17,6.8,13651.0
103.7,28.9,17,6.8,13651.0
122.3,34.0,20,8.0,16060.0
103.7,28.9,17,6.8,13651.0
208.6,54.4,32,12.8,25696.0
488.3,54.4,32,12.8,25696.0
206.6,54.4,32,12.8,25696.0
183.4,51.0,30,12.0,24090.0
113.4,30.6,18,7.2,14454.0
166.8,45.9,27,10.8,21681.0
121.8,34.0,20,8.0,16060.0
196.1,54.4,32,12.8,25696.0
153.6,42.5,25,10.0,20075.0
621.2,54.4,32,12.8,25696.0
120.5,32.3,19,7.6,15257.0
147.9,40.8,24,9.6,19272.0
120.2,32.3,19,7.6,15257.0
513.4,54.4,32,12.8,25696.0
780.6,54.4,32,12.8,25696.0
670.7,54.4,32,12.8,25696.0
409.8,54.4,32,12.8,25696.0
441.9,54.4,32,12.8,25696.0
113.9,30.6,18,7.2,14454.0
452.7,158.1,93,37.2,74679.0
232.9,54.4,32,12.8,25696.0
111.4,30.6,18,7.2,14454.0
169.5,45.9,27,10.8,21681.0
1926.1,178.5,105,42.0,84315.0
132.1,35.7,21,8.4,16863.0
147.5,40.8,24,9.6,19272.0
141.6,39.1,23,9.2,18469.0
168.8,45.9,27,10.8,21681.0
129.4,35.7,21,8.4,16863.0
153.8,42.5,25,10.0,20075.0
126.0,34.0,20,8.0,16060.0
118.9,32.3,19,7.6,15257.0
690.0,54.4,32,12.8,25696.0
147.0,40.8,24,9.6,19272.0
707.0,178.5,105,42.0,84315.0
387.7,54.4,32,12.8,25696.0
129.3,35.7,21,8.4,16863.0
191.8,52.7,31,12.4,24893.0
865.7,178.5,105,42.0,84315.0
121.5,34.0,20,8.0,16060.0
88.2,23.8,14,5.6,11242.0
6536.8,178.5,105,42.0,84315.0
60.6,15.3,9,3.6,7227.0
6042.8,598.4,352,140.8,282656.0
4368.7,54.4,32,12.8,25696.0
206.9,54.4,32,12.8,25696.0
236.6,54.4,32,12.8,25696.0
104.0,28.9,17,6.8,13651.0
189.8,52.7,31,12.4,24893.0
236.0,54.4,32,12.8,25696.0
293.9,54.4,32,12.8,25696.0
344.9,54.4,32,12.8,25696.0
363.6,54.4,32,12.8,25696.0
2649.7,598.4,352,140.8,282656.0
150.9,40.8,24,9.6,19272.0
3540.3,54.4,32,12.8,25696.0
661.2,178.5,105,42.0,84315.0
864.7,178.5,105,42.0,84315.0
584.2,54.4,32,12.8,25696.0
632.5,178.5,105,42.0,84315.0
811.6,323.0,190,76.0,152570.0
399.3,54.4,32,12.8,25696.0
50.0,13.6,8,3.2,6424.0
1119.2,178.5,105,42.0,84315.0
104.9,28.9,17,6.8,13651.0
91.9,35.7,21,8.4,16863.0
91.9,35.7,21,8.4,16863.0
4977.2,598.4,352,140.8,282656.0
5017.4,598.4,352,140.8,282656.0
1094.7,178.5,105,42.0,84315.0
2429.7,598.4,352,140.8,282656.0
68.5,18.7,11,4.4,8833.0
68.5,18.7,11,4.4,8833.0
99.6,27.2,16,6.4,12848.0
3798.9,598.4,352,140.8,282656.0
236.9,54.4,32,12.8,25696.0
522.1,178.5,105,42.0,84315.0
107.0,28.9,17,6.8,13651.0
67.0,18.7,11,4.4,8833.0
513.5,178.5,105,42.0,84315.0
213.0,54.4,32,12.8,25696.0
253.8,54.4,32,12.8,25696.0
96.4,25.5,15,6.0,12045.0
69.7,18.7,11,4.4,8833.0
33.5,8.5,5,2.0,4015.0
283.7,112.2,66,26.4,52998.0
398.2,54.4,32,12.8,25696.0
336.2,134.3,79,31.6,63437.0
53.0,13.6,8,3.2,6424.0
387.3,54.4,32,12.8,25696.0
188.0,51.0,30,12.0,24090.0
175.9,47.6,28,11.2,22484.0
85.4,34.0,20,8.0,16060.0
588.4,234.6,138,55.2,110814.0
179.1,49.3,29,11.6,23287.0
1404.9,561.0,330,132.0,264990.0
720.5,178.5,105,42.0,84315.0
504.4,200.6,118,47.2,94754.0
152.7,42.5,25,10.0,20075.0
1103.0,178.5,105,42.0,84315.0
1320.1,527.0,310,124.0,248930.0
218.4,54.4,32,12.8,25696.0
157.9,44.2,26,10.4,20878.0
126.9,49.3,29,11.6,23287.0
129.3,35.7,21,8.4,16863.0
247.1,98.6,58,23.2,46574.0
179.8,71.4,42,16.8,33726.0
175.2,69.7,41,16.4,32923.0
358.4,124.1,73,29.2,58619.0
307.8,122.4,72,28.8,57816.0
129.6,51.0,30,12.0,24090.0
565.1,224.4,132,52.8,105996.0
146.3,40.8,24,9.6,19272.0
71.1,18.7,11,4.4,8833.0
245.0,54.4,32,12.8,25696.0
180.7,49.3,29,11.6,23287.0
674.7,54.4,32,12.8,25696.0
1493.3,178.5,105,42.0,84315.0
1493.2,178.5,105,42.0,84315.0
487.4,54.4,32,12.8,25696.0
431.4,54.4,32,12.8,25696.0
413.0,54.4,32,12.8,25696.0
425.6,54.4,32,12.8,25696.0
265.7,105.4,62,24.8,49786.0
380.2,132.6,78,31.2,62634.0
338.3,117.3,69,27.6,55407.0
3113.4,598.4,352,140.8,282656.0
94.6,25.5,15,6.0,12045.0
506.1,176.8,104,41.6,83512.0
196.7,54.4,32,12.8,25696.0
257.0,54.4,32,12.8,25696.0
310.2,54.4,32,12.8,25696.0
739.9,178.5,105,42.0,84315.0
204.7,81.6,48,19.2,38544.0
232.8,54.4,32,12.8,25696.0
236.4,54.4,32,12.8,25696.0
262.3,54.4,32,12.8,25696.0
2292.9,598.4,352,140.8,282656.0
490.4,170.0,100,40.0,80300.0
170.5,47.6,28,11.2,22484.0
154.4,42.5,25,10.0,20075.0
1288.0,178.5,105,42.0,84315.0
424.7,147.9,87,34.8,69861.0
1975.8,178.5,105,42.0,84315.0
658.9,263.5,155,62.0,124465.0
2039.1,598.4,352,140.8,282656.0
182.2,51.0,30,12.0,24090.0
78.5,20.4,12,4.8,9636.0
200.7,54.4,32,12.8,25696.0
261.3,54.4,32,12.8,25696.0
2060.6,598.4,352,140.8,282656.0
1057.2,178.5,105,42.0,84315.0
948.9,178.5,105,42.0,84315.0
200.0,79.9,47,18.8,37741.0
26.5,6.8,4,1.6,3212.0
25.8,6.8,4,1.6,3212.0
176.5,49.3,29,11.6,23287.0
141.1,39.1,23,9.2,18469.0
739.2,294.1,173,69.2,138919.0
405.5,161.5,95,38.0,76285.0
275.1,108.8,64,25.6,51392.0
269.0,54.4,32,12.8,25696.0
394.8,156.4,92,36.8,73876.0
524.9,209.1,123,49.2,98769.0
528.2,210.8,124,49.6,99572.0
246.6,98.6,58,23.2,46574.0
2213.0,598.4,352,140.8,282656.0
151.3,40.8,24,9.6,19272.0
88.6,23.8,14,5.6,11242.0
720.4,287.3,169,67.6,135707.0
901.7,360.4,212,84.8,170236.0
1242.6,54.4,32,12.8,25696.0
4638.0,598.4,352,140.8,282656.0
689.3,275.4,162,64.8,130086.0
159.6,44.2,26,10.4,20878.0
2332.8,54.4,32,12.8,25696.0
113.5,30.6,18,7.2,14454.0
1199.9,538.9,317,126.8,254551.0
533.5,239.7,141,56.4,113223.0
456.1,204.0,120,48.0,96360.0
632.2,283.9,167,66.8,134101.0
235.6,54.4,32,12.8,25696.0
248.2,54.4,32,12.8,25696.0
292.1,54.4,32,12.8,25696.0
146.2,40.8,24,9.6,19272.0
317.4,54.4,32,12.8,25696.0
746.3,54.4,32,12.8,25696.0
434.1,54.4,32,12.8,25696.0
517.3,54.4,32,12.8,25696.0
610.3,54.4,32,12.8,25696.0
447.3,54.4,32,12.8,25696.0
513.3,54.4,32,12.8,25696.0
521.2,54.4,32,12.8,25696.0
593.6,178.5,105,42.0,84315.0
690.7,178.5,105,42.0,84315.0
298.8,54.4,32,12.8,25696.0
397.3,54.4,32,12.8,25696.0
546.6,178.5,105,42.0,84315.0
57.6,15.3,9,3.6,7227.0
223.5,54.4,32,12.8,25696.0
291.5,54.4,32,12.8,25696.0
3249.6,598.4,352,140.8,282656.0
467.3,163.2,96,38.4,77088.0
1612.0,178.5,105,42.0,84315.0
652.5,178.5,105,42.0,84315.0
1214.6,178.5,105,42.0,84315.0
813.2,178.5,105,42.0,84315.0
587.7,178.5,105,42.0,84315.0
512.7,178.5,105,42.0,84315.0
143.0,39.1,23,9.2,18469.0
219.2,54.4,32,12.8,25696.0
738.6,178.5,105,42.0,84315.0
210.4,54.4,32,12.8,25696.0
1001.9,178.5,105,42.0,84315.0
1212.2,178.5,105,42.0,84315.0
637.2,178.5,105,42.0,84315.0
242.3,54.4,32,12.8,25696.0
1070.3,178.5,105,42.0,84315.0
889.0,178.5,105,42.0,84315.0
2541.5,598.4,352,140.8,282656.0
467.8,163.2,96,38.4,77088.0
1224.8,178.5,105,42.0,84315.0
347.6,54.4,32,12.8,25696.0
666.9,178.5,105,42.0,84315.0
107.5,28.9,17,6.8,13651.0
549.9,219.3,129,51.6,103587.0
6055.4,178.5,105,42.0,84315.0
4125.3,178.5,105,42.0,84315.0
5905.9,178.5,105,42.0,84315.0
6266.0,178.5,105,42.0,84315.0
3744.8,178.5,105,42.0,84315.0
1349.3,178.5,105,42.0,84315.0
1300.2,178.5,105,42.0,84315.0
1044.0,178.5,105,42.0,84315.0
801.2,178.5,105,42.0,84315.0
524.8,178.5,105,42.0,84315.0
274.4,54.4,32,12.8,25696.0
342.6,54.4,32,12.8,25696.0
294.4,54.4,32,12.8,25696.0
446.2,154.7,91,36.4,73073.0
328.1,113.9,67,26.8,53801.0
616.6,178.5,105,42.0,84315.0
346.5,120.7,71,28.4,57013.0
114.3,30.6,18,7.2,14454.0
442.4,154.7,91,36.4,73073.0
694.1,178.5,105,42.0,84315.0
456.2,158.1,93,37.2,74679.0
248.2,86.7,51,20.4,40953.0
196.6,68.0,40,16.0,32120.0
113.1,30.6,18,7.2,14454.0
115.8,32.3,19,7.6,15257.0
162.4,44.2,26,10.4,20878.0
133.2,35.7,21,8.4,16863.0
128.7,35.7,21,8.4,16863.0
78.5,20.4,12,4.8,9636.0
194.2,52.7,31,12.4,24893.0
166.5,45.9,27,10.8,21681.0
166.8,45.9,27,10.8,21681.0
181.3,49.3,29,11.6,23287.0
144.2,39.1,23,9.2,18469.0
287.9,54.4,32,12.8,25696.0
243.1,54.4,32,12.8,25696.0
129.4,35.7,21,8.4,16863.0
170.8,47.6,28,11.2,22484.0
126.9,34.0,20,8.0,16060.0
111.3,30.6,18,7.2,14454.0
111.2,30.6,18,7.2,14454.0
107.3,28.9,17,6.8,13651.0
202.6,54.4,32,12.8,25696.0
182.9,51.0,30,12.0,24090.0
199.8,54.4,32,12.8,25696.0
111.3,30.6,18,7.2,14454.0
196.0,54.4,32,12.8,25696.0
199.0,54.4,32,12.8,25696.0
56.2,15.3,9,3.6,7227.0
54.9,15.3,9,3.6,7227.0
94.5,25.5,15,6.0,12045.0
189.4,52.7,31,12.4,24893.0
147.8,40.8,24,9.6,19272.0
74.6,20.4,12,4.8,9636.0
113.0,30.6,18,7.2,14454.0
97.9,27.2,16,6.4,12848.0
121.7,34.0,20,8.0,16060.0
132.6,35.7,21,8.4,16863.0
122.5,34.0,20,8.0,16060.0
154.2,42.5,25,10.0,20075.0
118.7,32.3,19,7.6,15257.0
108.2,28.9,17,6.8,13651.0
121.3,32.3,19,7.6,15257.0
186.6,51.0,30,12.0,24090.0
150.4,40.8,24,9.6,19272.0
47.2,11.9,7,2.8,5621.0
51.8,13.6,8,3.2,6424.0
43.2,11.9,7,2.8,5621.0
127.8,35.7,21,8.4,16863.0
148.3,40.8,24,9.6,19272.0
99.4,27.2,16,6.4,12848.0
219.2,76.5,45,18.0,36135.0
1668.2,178.5,105,42.0,84315.0
403.5,54.4,32,12.8,25696.0
215.5,54.4,32,12.8,25696.0
137.8,37.4,22,8.8,17666.0
522.8,178.5,105,42.0,84315.0
849.7,178.5,105,42.0,84315.0
199.4,54.4,32,12.8,25696.0
266.7,54.4,32,12.8,25696.0
279.1,96.9,57,22.8,45771.0
296.8,103.7,61,24.4,48983.0
232.8,79.9,47,18.8,37741.0
112.7,30.6,18,7.2,14454.0
248.2,54.4,32,12.8,25696.0
112.5,30.6,18,7.2,14454.0
80.1,22.1,13,5.2,10439.0
87.4,23.8,14,5.6,11242.0
257.3,88.4,52,20.8,41756.0
555.8,178.5,105,42.0,84315.0
164.9,45.9,27,10.8,21681.0
83.8,22.1,13,5.2,10439.0
169.9,45.9,27,10.8,21681.0
62.3,17.0,10,4.0,8030.0
109.5,37.4,22,8.8,17666.0
354.7,124.1,73,29.2,58619.0
36.4,8.5,5,2.0,4015.0
102.2,27.2,16,6.4,12848.0
110.4,30.6,18,7.2,14454.0
419.6,146.2,86,34.4,69058.0
405.2,141.1,83,33.2,66649.0
392.1,136.0,80,32.0,64240.0
387.5,134.3,79,31.6,63437.0
516.7,178.5,105,42.0,84315.0
83.4,22.1,13,5.2,10439.0
83.3,22.1,13,5.2,10439.0
83.4,22.1,13,5.2,10439.0
99.4,27.2,16,6.4,12848.0
70.3,18.7,11,4.4,8833.0
41.2,10.2,6,2.4,4818.0
23.6,5.1,3,1.2,2409.0
23.6,5.1,3,1.2,2409.0
23.6,5.1,3,1.2,2409.0
200.0,54.4,32,12.8,25696.0
118.8,32.3,19,7.6,15257.0
166.3,45.9,27,10.8,21681.0
146.3,40.8,24,9.6,19272.0
139.2,37.4,22,8.8,17666.0
166.1,45.9,27,10.8,21681.0
146.4,40.8,24,9.6,19272.0
135.9,37.4,22,8.8,17666.0
146.7,40.8,24,9.6,19272.0
141.5,39.1,23,9.2,18469.0
275.0,54.4,32,12.8,25696.0
140.6,39.1,23,9.2,18469.0
140.9,39.1,23,9.2,18469.0
118.1,32.3,19,7.6,15257.0
174.9,47.6,28,11.2,22484.0
111.9,30.6,18,7.2,14454.0
100.3,27.2,16,6.4,12848.0
188.2,51.0,30,12.0,24090.0
168.4,45.9,27,10.8,21681.0
189.9,52.7,31,12.4,24893.0
134.3,37.4,22,8.8,17666.0
164.6,45.9,27,10.8,21681.0
110.0,30.6,18,7.2,14454.0
69.9,18.7,11,4.4,8833.0
184.1,51.0,30,12.0,24090.0
87.4,23.8,14,5.6,11242.0
109.9,30.6,18,7.2,14454.0
110.5,30.6,18,7.2,14454.0
115.6,32.3,19,7.6,15257.0
126.6,34.0,20,8.0,16060.0
161.2,56.1,33,13.2,26499.0
161.2,56.1,33,13.2,26499.0
78.9,27.2,16,6.4,12848.0
78.9,27.2,16,6.4,12848.0
104.7,28.9,17,6.8,13651.0
155.6,42.5,25,10.0,20075.0
131.1,35.7,21,8.4,16863.0
100.0,27.2,16,6.4,12848.0
87.7,23.8,14,5.6,11242.0
124.7,34.0,20,8.0,16060.0
208.7,54.4,32,12.8,25696.0
47.3,11.9,7,2.8,5621.0
283.2,54.4,32,12.8,25696.0
83.8,22.1,13,5.2,10439.0
144.3,39.1,23,9.2,18469.0
117.6,32.3,19,7.6,15257.0
100.3,27.2,16,6.4,12848.0
122.6,34.0,20,8.0,16060.0
145.8,40.8,24,9.6,19272.0
225.7,54.4,32,12.8,25696.0
223.0,54.4,32,12.8,25696.0
291.5,102.0,60,24.0,48180.0
239.4,83.3,49,19.6,39347.0
369.1,127.5,75,30.0,60225.0
413.0,144.5,85,34.0,68255.0
168.4,45.9,27,10.8,21681.0
202.2,54.4,32,12.8,25696.0
72.0,18.7,11,4.4,8833.0
234.2,54.4,32,12.8,25696.0
216.0,54.4,32,12.8,25696.0
144.5,39.1,23,9.2,18469.0
34.4,8.5,5,2.0,4015.0
437.8,54.4,32,12.8,25696.0
150.4,40.8,24,9.6,19272.0
198.7,54.4,32,12.8,25696.0
202.6,54.4,32,12.8,25696.0
162.8,44.2,26,10.4,20878.0
36.5,10.2,6,2.4,4818.0
29.0,6.8,4,1.6,3212.0
51.1,13.6,8,3.2,6424.0
163.0,44.2,26,10.4,20878.0
123.0,34.0,20,8.0,16060.0
195.6,54.4,32,12.8,25696.0
164.9,45.9,27,10.8,21681.0
226.5,54.4,32,12.8,25696.0
124.4,34.0,20,8.0,16060.0
171.0,47.6,28,11.2,22484.0
116.3,32.3,19,7.6,15257.0
69.8,18.7,11,4.4,8833.0
101.5,27.2,16,6.4,12848.0
92.6,25.5,15,6.0,12045.0
444.8,154.7,91,36.4,73073.0
152.1,42.5,25,10.0,20075.0
110.8,30.6,18,7.2,14454.0
177.9,61.2,36,14.4,28908.0
95.2,32.3,19,7.6,15257.0
231.7,79.9,47,18.8,37741.0
114.6,30.6,18,7.2,14454.0
112.2,30.6,18,7.2,14454.0
281.9,98.6,58,23.2,46574.0
213.0,73.1,43,17.2,34529.0
188.9,64.6,38,15.2,30514.0
178.1,61.2,36,14.4,28908.0
100.6,27.2,16,6.4,12848.0
119.8,32.3,19,7.6,15257.0
204.4,71.4,42,16.8,33726.0
145.4,49.3,29,11.6,23287.0
301.3,105.4,62,24.8,49786.0
70.7,18.7,11,4.4,8833.0
51.7,13.6,8,3.2,6424.0
37.4,10.2,6,2.4,4818.0
59.6,15.3,9,3.6,7227.0
95.8,25.5,15,6.0,12045.0
150.7,40.8,24,9.6,19272.0
81.9,22.1,13,5.2,10439.0
1174.6,469.2,276,110.4,221628.0
1167.5,54.4,32,12.8,25696.0
603.9,178.5,105,42.0,84315.0
283.2,54.4,32,12.8,25696.0
674.0,178.5,105,42.0,84315.0
504.5,175.1,103,41.2,82709.0
261.1,54.4,32,12.8,25696.0
493.5,171.7,101,40.4,81103.0
500.4,175.1,103,41.2,82709.0
188.7,52.7,31,12.4,24893.0
318.9,54.4,32,12.8,25696.0
328.1,54.4,32,12.8,25696.0
363.0,54.4,32,12.8,25696.0
469.5,163.2,96,38.4,77088.0
239.9,54.4,32,12.8,25696.0
412.2,54.4,32,12.8,25696.0
1398.8,178.5,105,42.0,84315.0
125.9,34.0,20,8.0,16060.0
396.1,54.4,32,12.8,25696.0
414.6,54.4,32,12.8,25696.0
506.9,176.8,104,41.6,83512.0
220.5,54.4,32,12.8,25696.0
230.5,54.4,32,12.8,25696.0
268.9,54.4,32,12.8,25696.0
207.2,54.4,32,12.8,25696.0
225.5,54.4,32,12.8,25696.0
113.0,30.6,18,7.2,14454.0
620.3,178.5,105,42.0,84315.0
257.6,54.4,32,12.8,25696.0
438.4,54.4,32,12.8,25696.0
268.8,54.4,32,12.8,25696.0
429.7,54.4,32,12.8,25696.0
548.0,178.5,105,42.0,84315.0
365.0,54.4,32,12.8,25696.0
352.5,54.4,32,12.8,25696.0
260.9,54.4,32,12.8,25696.0
302.6,54.4,32,12.8,25696.0
403.8,54.4,32,12.8,25696.0
297.2,54.4,32,12.8,25696.0
452.6,158.1,93,37.2,74679.0
780.1,178.5,105,42.0,84315.0
1160.2,178.5,105,42.0,84315.0
200.6,54.4,32,12.8,25696.0
808.4,178.5,105,42.0,84315.0
236.2,54.4,32,12.8,25696.0
491.6,171.7,101,40.4,81103.0
580.7,178.5,105,42.0,84315.0
557.1,178.5,105,42.0,84315.0
342.2,54.4,32,12.8,25696.0
343.7,54.4,32,12.8,25696.0
260.1,54.4,32,12.8,25696.0
521.2,178.5,105,42.0,84315.0
273.0,54.4,32,12.8,25696.0
341.8,54.4,32,12.8,25696.0
326.4,54.4,32,12.8,25696.0
425.5,54.4,32,12.8,25696.0
406.4,54.4,32,12.8,25696.0
211.7,54.4,32,12.8,25696.0
219.9,54.4,32,12.8,25696.0
190.0,52.7,31,12.4,24893.0
184.1,51.0,30,12.0,24090.0
173.9,47.6,28,11.2,22484.0
819.9,178.5,105,42.0,84315.0
400.1,54.4,32,12.8,25696.0
569.4,178.5,105,42.0,84315.0
452.6,158.1,93,37.2,74679.0
394.6,54.4,32,12.8,25696.0
166.0,45.9,27,10.8,21681.0
657.9,178.5,105,42.0,84315.0
343.1,54.4,32,12.8,25696.0
470.7,163.2,96,38.4,77088.0
935.1,178.5,105,42.0,84315.0
447.8,54.4,32,12.8,25696.0
295.0,54.4,32,12.8,25696.0
208.5,54.4,32,12.8,25696.0
208.9,54.4,32,12.8,25696.0
537.9,178.5,105,42.0,84315.0
554.8,178.5,105,42.0,84315.0
267.9,54.4,32,12.8,25696.0
336.6,54.4,32,12.8,25696.0
474.0,164.9,97,38.8,77891.0
423.6,54.4,32,12.8,25696.0
178.1,49.3,29,11.6,23287.0
471.5,164.9,97,38.8,77891.0
531.9,178.5,105,42.0,84315.0
233.5,54.4,32,12.8,25696.0
500.6,175.1,103,41.2,82709.0
130.4,35.7,21,8.4,16863.0
374.0,54.4,32,12.8,25696.0
110.3,30.6,18,7.2,14454.0
241.7,54.4,32,12.8,25696.0
311.2,54.4,32,12.8,25696.0
334.3,115.6,68,27.2,54604.0
189.6,52.7,31,12.4,24893.0
296.7,54.4,32,12.8,25696.0
168.2,45.9,27,10.8,21681.0
257.9,54.4,32,12.8,25696.0
141.6,39.1,23,9.2,18469.0
172.0,47.6,28,11.2,22484.0
153.6,42.5,25,10.0,20075.0
461.1,159.8,94,37.6,75482.0
426.1,54.4,32,12.8,25696.0
117.3,32.3,19,7.6,15257.0
372.1,54.4,32,12.8,25696.0
179.0,49.3,29,11.6,23287.0
193.2,52.7,31,12.4,24893.0
136.2,37.4,22,8.8,17666.0
282.1,54.4,32,12.8,25696.0
134.0,37.4,22,8.8,17666.0
129.0,35.7,21,8.4,16863.0
134.9,37.4,22,8.8,17666.0
138.5,37.4,22,8.8,17666.0
246.0,54.4,32,12.8,25696.0
217.0,54.4,32,12.8,25696.0
240.1,54.4,32,12.8,25696.0
192.2,52.7,31,12.4,24893.0
240.4,54.4,32,12.8,25696.0
180.8,49.3,29,11.6,23287.0
122.5,34.0,20,8.0,16060.0
139.3,37.4,22,8.8,17666.0
286.0,54.4,32,12.8,25696.0
128.9,35.7,21,8.4,16863.0
320.8,54.4,32,12.8,25696.0
192.1,52.7,31,12.4,24893.0
161.1,44.2,26,10.4,20878.0
147.9,40.8,24,9.6,19272.0
91.3,25.5,15,6.0,12045.0
120.3,32.3,19,7.6,15257.0
89.7,23.8,14,5.6,11242.0
167.7,45.9,27,10.8,21681.0
132.6,35.7,21,8.4,16863.0
200.7,54.4,32,12.8,25696.0
139.3,37.4,22,8.8,17666.0
121.6,34.0,20,8.0,16060.0
134.8,37.4,22,8.8,17666.0
195.7,54.4,32,12.8,25696.0
180.3,49.3,29,11.6,23287.0
146.6,40.8,24,9.6,19272.0
120.9,32.3,19,7.6,15257.0
152.7,42.5,25,10.0,20075.0
135.1,37.4,22,8.8,17666.0
202.9,54.4,32,12.8,25696.0
223.0,54.4,32,12.8,25696.0
155.6,42.5,25,10.0,20075.0
152.4,42.5,25,10.0,20075.0
132.8,35.7,21,8.4,16863.0
142.5,39.1,23,9.2,18469.0
429.6,54.4,32,12.8,25696.0
300.1,54.4,32,12.8,25696.0
252.5,54.4,32,12.8,25696.0
165.4,45.9,27,10.8,21681.0
134.3,37.4,22,8.8,17666.0
181.5,49.3,29,11.6,23287.0
146.6,40.8,24,9.6,19272.0
164.7,45.9,27,10.8,21681.0
165.5,45.9,27,10.8,21681.0
317.6,54.4,32,12.8,25696.0
233.6,54.4,32,12.8,25696.0
145.9,40.8,24,9.6,19272.0
377.2,54.4,32,12.8,25696.0
217.5,54.4,32,12.8,25696.0
137.4,37.4,22,8.8,17666.0
170.7,47.6,28,11.2,22484.0
369.1,54.4,32,12.8,25696.0
184.7,51.0,30,12.0,24090.0
207.9,54.4,32,12.8,25696.0
234.1,54.4,32,12.8,25696.0
276.5,54.4,32,12.8,25696.0
281.0,54.4,32,12.8,25696.0
261.3,54.4,32,12.8,25696.0
214.7,54.4,32,12.8,25696.0
168.1,45.9,27,10.8,21681.0
157.6,42.5,25,10.0,20075.0
185.3,51.0,30,12.0,24090.0
383.0,54.4,32,12.8,25696.0
389.4,54.4,32,12.8,25696.0
349.1,54.4,32,12.8,25696.0
285.1,54.4,32,12.8,25696.0
158.5,44.2,26,10.4,20878.0
212.0,54.4,32,12.8,25696.0
145.0,39.1,23,9.2,18469.0
246.9,54.4,32,12.8,25696.0
410.4,54.4,32,12.8,25696.0
345.9,54.4,32,12.8,25696.0
373.7,54.4,32,12.8,25696.0
191.6,52.7,31,12.4,24893.0
217.1,54.4,32,12.8,25696.0
225.3,54.4,32,12.8,25696.0
276.2,54.4,32,12.8,25696.0
282.2,54.4,32,12.8,25696.0
253.6,54.4,32,12.8,25696.0
234.9,54.4,32,12.8,25696.0
228.4,54.4,32,12.8,25696.0
191.8,52.7,31,12.4,24893.0
249.1,54.4,32,12.8,25696.0
389.2,54.4,32,12.8,25696.0
390.6,54.4,32,12.8,25696.0
305.0,54.4,32,12.8,25696.0
333.5,54.4,32,12.8,25696.0
201.7,54.4,32,12.8,25696.0
225.3,54.4,32,12.8,25696.0
198.5,54.4,32,12.8,25696.0
171.1,47.6,28,11.2,22484.0
198.1,54.4,32,12.8,25696.0
340.3,54.4,32,12.8,25696.0
436.5,54.4,32,12.8,25696.0
362.8,54.4,32,12.8,25696.0
309.1,54.4,32,12.8,25696.0
374.7,54.4,32,12.8,25696.0
752.5,178.5,105,42.0,84315.0
203.1,54.4,32,12.8,25696.0
204.1,54.4,32,12.8,25696.0
298.2,54.4,32,12.8,25696.0
519.5,178.5,105,42.0,84315.0
354.0,54.4,32,12.8,25696.0
260.1,54.4,32,12.8,25696.0
394.8,54.4,32,12.8,25696.0
412.6,54.4,32,12.8,25696.0
304.3,54.4,32,12.8,25696.0
453.6,158.1,93,37.2,74679.0
283.1,54.4,32,12.8,25696.0
312.1,54.4,32,12.8,25696.0
388.1,54.4,32,12.8,25696.0
385.4,134.3,79,31.6,63437.0
182.2,51.0,30,12.0,24090.0
166.2,45.9,27,10.8,21681.0
101.9,27.2,16,6.4,12848.0
202.5,54.4,32,12.8,25696.0
197.2,54.4,32,12.8,25696.0
406.1,141.1,83,33.2,66649.0
403.5,141.1,83,33.2,66649.0
354.6,124.1,73,29.2,58619.0
397.4,54.4,32,12.8,25696.0
641.9,178.5,105,42.0,84315.0
363.3,54.4,32,12.8,25696.0
396.3,54.4,32,12.8,25696.0
362.5,54.4,32,12.8,25696.0
522.2,178.5,105,42.0,84315.0
366.3,54.4,32,12.8,25696.0
425.5,54.4,32,12.8,25696.0
327.8,54.4,32,12.8,25696.0
396.2,54.4,32,12.8,25696.0
256.4,54.4,32,12.8,25696.0
233.2,54.4,32,12.8,25696.0
454.4,158.1,93,37.2,74679.0
330.8,54.4,32,12.8,25696.0
131.4,35.7,21,8.4,16863.0
197.8,54.4,32,12.8,25696.0
266.4,54.4,32,12.8,25696.0
299.0,54.4,32,12.8,25696.0
193.2,52.7,31,12.4,24893.0
155.8,42.5,25,10.0,20075.0
202.1,54.4,32,12.8,25696.0
134.9,37.4,22,8.8,17666.0
895.8,178.5,105,42.0,84315.0
337.5,54.4,32,12.8,25696.0
172.1,47.6,28,11.2,22484.0
220.6,54.4,32,12.8,25696.0
199.9,54.4,32,12.8,25696.0
503.9,175.1,103,41.2,82709.0
376.9,54.4,32,12.8,25696.0
164.9,45.9,27,10.8,21681.0
235.9,54.4,32,12.8,25696.0
254.3,54.4,32,12.8,25696.0
316.7,54.4,32,12.8,25696.0
262.9,54.4,32,12.8,25696.0
303.1,54.4,32,12.8,25696.0
384.4,54.4,32,12.8,25696.0
312.8,54.4,32,12.8,25696.0
164.3,45.9,27,10.8,21681.0
421.6,54.4,32,12.8,25696.0
220.0,54.4,32,12.8,25696.0
270.8,54.4,32,12.8,25696.0
181.5,49.3,29,11.6,23287.0
216.9,54.4,32,12.8,25696.0
175.3,47.6,28,11.2,22484.0
279.1,54.4,32,12.8,25696.0
275.5,54.4,32,12.8,25696.0
166.8,45.9,27,10.8,21681.0
140.2,39.1,23,9.2,18469.0
237.1,54.4,32,12.8,25696.0
335.8,54.4,32,12.8,25696.0
288.9,100.3,59,23.6,47377.0
203.4,54.4,32,12.8,25696.0
635.4,178.5,105,42.0,84315.0
469.4,163.2,96,38.4,77088.0
362.9,125.8,74,29.6,59422.0
391.9,54.4,32,12.8,25696.0
391.5,136.0,80,32.0,64240.0
449.4,54.4,32,12.8,25696.0
159.4,44.2,26,10.4,20878.0
234.7,54.4,32,12.8,25696.0
164.5,45.9,27,10.8,21681.0
412.9,54.4,32,12.8,25696.0
202.7,54.4,32,12.8,25696.0
257.4,54.4,32,12.8,25696.0
281.3,54.4,32,12.8,25696.0
113.3,30.6,18,7.2,14454.0
135.9,37.4,22,8.8,17666.0
145.1,39.1,23,9.2,18469.0
395.9,54.4,32,12.8,25696.0
256.8,54.4,32,12.8,25696.0
342.7,54.4,32,12.8,25696.0
145.0,39.1,23,9.2,18469.0
425.8,54.4,32,12.8,25696.0
208.7,54.4,32,12.8,25696.0
387.6,54.4,32,12.8,25696.0
153.0,42.5,25,10.0,20075.0
129.0,35.7,21,8.4,16863.0
157.2,42.5,25,10.0,20075.0
123.4,34.0,20,8.0,16060.0
90.1,23.8,14,5.6,11242.0
146.8,40.8,24,9.6,19272.0
110.1,30.6,18,7.2,14454.0
98.1,27.2,16,6.4,12848.0
341.4,54.4,32,12.8,25696.0
203.6,54.4,32,12.8,25696.0
165.4,45.9,27,10.8,21681.0
189.2,52.7,31,12.4,24893.0
65.8,17.0,10,4.0,8030.0
416.9,54.4,32,12.8,25696.0
150.4,40.8,24,9.6,19272.0
399.8,54.4,32,12.8,25696.0
974.8,178.5,105,42.0,84315.0
436.3,54.4,32,12.8,25696.0
1157.8,178.5,105,42.0,84315.0
335.2,54.4,32,12.8,25696.0
518.6,178.5,105,42.0,84315.0
568.8,178.5,105,42.0,84315.0
500.8,175.1,103,41.2,82709.0
376.5,54.4,32,12.8,25696.0
129.1,35.7,21,8.4,16863.0
476.2,166.6,98,39.2,78694.0
377.3,54.4,32,12.8,25696.0
586.4,178.5,105,42.0,84315.0
320.4,54.4,32,12.8,25696.0
361.4,54.4,32,12.8,25696.0
475.4,164.9,97,38.8,77891.0
474.4,164.9,97,38.8,77891.0
354.3,54.4,32,12.8,25696.0
361.4,54.4,32,12.8,25696.0
414.3,54.4,32,12.8,25696.0
373.8,54.4,32,12.8,25696.0
475.5,164.9,97,38.8,77891.0
418.4,54.4,32,12.8,25696.0
203.9,54.4,32,12.8,25696.0
235.9,54.4,32,12.8,25696.0
212.0,54.4,32,12.8,25696.0
112.6,30.6,18,7.2,14454.0
103.5,28.9,17,6.8,13651.0
167.9,45.9,27,10.8,21681.0
633.6,178.5,105,42.0,84315.0
430.2,54.4,32,12.8,25696.0
436.6,54.4,32,12.8,25696.0
419.4,54.4,32,12.8,25696.0
395.1,54.4,32,12.8,25696.0
442.5,54.4,32,12.8,25696.0
649.8,178.5,105,42.0,84315.0
869.7,178.5,105,42.0,84315.0
280.6,54.4,32,12.8,25696.0
189.5,52.7,31,12.4,24893.0
262.0,54.4,32,12.8,25696.0
191.8,52.7,31,12.4,24893.0
140.1,39.1,23,9.2,18469.0
148.6,40.8,24,9.6,19272.0
139.5,37.4,22,8.8,17666.0
132.4,35.7,21,8.4,16863.0
288.7,54.4,32,12.8,25696.0
194.9,54.4,32,12.8,25696.0
127.6,35.7,21,8.4,16863.0
170.9,47.6,28,11.2,22484.0
183.0,51.0,30,12.0,24090.0
256.0,54.4,32,12.8,25696.0
229.2,54.4,32,12.8,25696.0
169.5,45.9,27,10.8,21681.0
145.8,40.8,24,9.6,19272.0
136.9,37.4,22,8.8,17666.0
262.2,54.4,32,12.8,25696.0
122.4,34.0,20,8.0,16060.0
135.8,37.4,22,8.8,17666.0
356.9,54.4,32,12.8,25696.0
132.2,35.7,21,8.4,16863.0
141.7,39.1,23,9.2,18469.0
147.1,40.8,24,9.6,19272.0
156.7,42.5,25,10.0,20075.0
205.5,54.4,32,12.8,25696.0
203.9,54.4,32,12.8,25696.0
153.9,42.5,25,10.0,20075.0
127.0,34.0,20,8.0,16060.0
146.9,40.8,24,9.6,19272.0
422.8,54.4,32,12.8,25696.0
186.5,51.0,30,12.0,24090.0
132.2,35.7,21,8.4,16863.0
140.6,39.1,23,9.2,18469.0
215.0,54.4,32,12.8,25696.0
145.3,39.1,23,9.2,18469.0
79.4,22.1,13,5.2,10439.0
226.1,54.4,32,12.8,25696.0
81.6,22.1,13,5.2,10439.0
152.4,42.5,25,10.0,20075.0
117.4,32.3,19,7.6,15257.0
288.4,54.4,32,12.8,25696.0
147.4,40.8,24,9.6,19272.0
120.2,32.3,19,7.6,15257.0
100.6,27.2,16,6.4,12848.0
146.6,40.8,24,9.6,19272.0
79.4,22.1,13,5.2,10439.0
108.0,28.9,17,6.8,13651.0
291.2,54.4,32,12.8,25696.0
181.1,49.3,29,11.6,23287.0
288.3,54.4,32,12.8,25696.0
129.4,35.7,21,8.4,16863.0
198.7,54.4,32,12.8,25696.0
195.4,54.4,32,12.8,25696.0
148.7,40.8,24,9.6,19272.0
176.8,49.3,29,11.6,23287.0
150.8,40.8,24,9.6,19272.0
211.2,54.4,32,12.8,25696.0
261.5,54.4,32,12.8,25696.0
215.4,54.4,32,12.8,25696.0
140.7,39.1,23,9.2,18469.0
169.0,45.9,27,10.8,21681.0
97.7,27.2,16,6.4,12848.0
254.6,54.4,32,12.8,25696.0
251.6,54.4,32,12.8,25696.0
194.1,52.7,31,12.4,24893.0
118.7,32.3,19,7.6,15257.0
2055.8,598.4,352,140.8,282656.0
552.4,178.5,105,42.0,84315.0
489.0,170.0,100,40.0,80300.0
473.4,164.9,97,38.8,77891.0
252.3,54.4,32,12.8,25696.0
731.5,178.5,105,42.0,84315.0
331.7,54.4,32,12.8,25696.0
337.3,54.4,32,12.8,25696.0
99.5,27.2,16,6.4,12848.0
97.1,25.5,15,6.0,12045.0
455.9,158.1,93,37.2,74679.0
86.1,23.8,14,5.6,11242.0
369.1,54.4,32,12.8,25696.0
638.4,178.5,105,42.0,84315.0
542.6,178.5,105,42.0,84315.0
500.6,175.1,103,41.2,82709.0
326.4,54.4,32,12.8,25696.0
411.6,54.4,32,12.8,25696.0
415.8,54.4,32,12.8,25696.0
437.2,54.4,32,12.8,25696.0
420.3,54.4,32,12.8,25696.0
409.3,54.4,32,12.8,25696.0
423.1,54.4,32,12.8,25696.0
200.5,54.4,32,12.8,25696.0
202.5,54.4,32,12.8,25696.0
239.7,54.4,32,12.8,25696.0
515.6,178.5,105,42.0,84315.0
220.7,54.4,32,12.8,25696.0
251.6,54.4,32,12.8,25696.0
215.1,54.4,32,12.8,25696.0
429.8,54.4,32,12.8,25696.0
799.1,178.5,105,42.0,84315.0
407.8,54.4,32,12.8,25696.0
75.5,20.4,12,4.8,9636.0
248.2,54.4,32,12.8,25696.0
320.0,54.4,32,12.8,25696.0
271.2,54.4,32,12.8,25696.0
302.7,54.4,32,12.8,25696.0
293.5,54.4,32,12.8,25696.0
136.2,37.4,22,8.8,17666.0
114.4,30.6,18,7.2,14454.0
139.6,37.4,22,8.8,17666.0
179.0,49.3,29,11.6,23287.0
167.4,45.9,27,10.8,21681.0
164.9,45.9,27,10.8,21681.0
247.4,54.4,32,12.8,25696.0
117.6,32.3,19,7.6,15257.0
132.8,35.7,21,8.4,16863.0
199.5,54.4,32,12.8,25696.0
136.2,37.4,22,8.8,17666.0
1666.1,54.4,32,12.8,25696.0
298.7,54.4,32,12.8,25696.0
134.7,37.4,22,8.8,17666.0
155.9,42.5,25,10.0,20075.0
159.7,44.2,26,10.4,20878.0
160.8,44.2,26,10.4,20878.0
250.8,54.4,32,12.8,25696.0
154.9,42.5,25,10.0,20075.0
165.6,45.9,27,10.8,21681.0
436.7,54.4,32,12.8,25696.0
127.1,34.0,20,8.0,16060.0
208.5,54.4,32,12.8,25696.0
133.3,35.7,21,8.4,16863.0
111.7,30.6,18,7.2,14454.0
118.4,32.3,19,7.6,15257.0
111.4,30.6,18,7.2,14454.0
141.9,39.1,23,9.2,18469.0
326.4,54.4,32,12.8,25696.0
113.1,30.6,18,7.2,14454.0
251.8,54.4,32,12.8,25696.0
68.1,18.7,11,4.4,8833.0
187.2,51.0,30,12.0,24090.0
210.9,54.4,32,12.8,25696.0
407.8,54.4,32,12.8,25696.0
82.9,22.1,13,5.2,10439.0
624.2,178.5,105,42.0,84315.0
223.7,54.4,32,12.8,25696.0
573.4,178.5,105,42.0,84315.0
99.1,27.2,16,6.4,12848.0
139.9,39.1,23,9.2,18469.0
178.3,49.3,29,11.6,23287.0
228.9,54.4,32,12.8,25696.0
180.7,49.3,29,11.6,23287.0
139.0,37.4,22,8.8,17666.0
447.8,54.4,32,12.8,25696.0
183.0,51.0,30,12.0,24090.0
362.2,54.4,32,12.8,25696.0
125.6,34.0,20,8.0,16060.0
129.3,35.7,21,8.4,16863.0
279.2,54.4,32,12.8,25696.0
126.2,34.0,20,8.0,16060.0
184.0,51.0,30,12.0,24090.0
320.4,54.4,32,12.8,25696.0
152.6,42.5,25,10.0,20075.0
146.7,40.8,24,9.6,19272.0
177.2,49.3,29,11.6,23287.0
152.6,42.5,25,10.0,20075.0
119.8,32.3,19,7.6,15257.0
140.2,39.1,23,9.2,18469.0
285.4,54.4,32,12.8,25696.0
293.3,54.4,32,12.8,25696.0
98.8,27.2,16,6.4,12848.0
158.9,44.2,26,10.4,20878.0
244.4,54.4,32,12.8,25696.0
253.7,54.4,32,12.8,25696.0
146.1,40.8,24,9.6,19272.0
292.6,54.4,32,12.8,25696.0
109.5,30.6,18,7.2,14454.0
174.0,47.6,28,11.2,22484.0
115.8,32.3,19,7.6,15257.0
154.2,42.5,25,10.0,20075.0
133.2,35.7,21,8.4,16863.0
154.9,42.5,25,10.0,20075.0
197.7,54.4,32,12.8,25696.0
140.7,39.1,23,9.2,18469.0
201.2,54.4,32,12.8,25696.0
242.7,54.4,32,12.8,25696.0
149.8,40.8,24,9.6,19272.0
130.2,35.7,21,8.4,16863.0
167.4,45.9,27,10.8,21681.0
107.0,28.9,17,6.8,13651.0
127.0,34.0,20,8.0,16060.0
542.5,178.5,105,42.0,84315.0
163.0,44.2,26,10.4,20878.0
172.3,47.6,28,11.2,22484.0
208.0,54.4,32,12.8,25696.0
177.0,49.3,29,11.6,23287.0
139.1,37.4,22,8.8,17666.0
209.6,54.4,32,12.8,25696.0
1927.4,598.4,352,140.8,282656.0
745.3,178.5,105,42.0,84315.0
584.3,178.5,105,42.0,84315.0
221.1,54.4,32,12.8,25696.0
197.8,54.4,32,12.8,25696.0
185.4,51.0,30,12.0,24090.0
264.8,54.4,32,12.8,25696.0
267.4,54.4,32,12.8,25696.0
245.0,54.4,32,12.8,25696.0
230.3,54.4,32,12.8,25696.0
545.1,178.5,105,42.0,84315.0
265.5,54.4,32,12.8,25696.0
1627.1,178.5,105,42.0,84315.0
5411.3,598.4,352,140.8,282656.0
4522.7,598.4,352,140.8,282656.0
545.8,178.5,105,42.0,84315.0
839.9,178.5,105,42.0,84315.0
577.9,178.5,105,42.0,84315.0
433.7,54.4,32,12.8,25696.0
432.6,54.4,32,12.8,25696.0
472.8,164.9,97,38.8,77891.0
208.4,54.4,32,12.8,25696.0
186.3,51.0,30,12.0,24090.0
186.2,51.0,30,12.0,24090.0
243.5,54.4,32,12.8,25696.0
241.6,54.4,32,12.8,25696.0
205.8,54.4,32,12.8,25696.0
212.5,54.4,32,12.8,25696.0
209.0,54.4,32,12.8,25696.0
181.4,49.3,29,11.6,23287.0
167.5,45.9,27,10.8,21681.0
271.2,54.4,32,12.8,25696.0
154.4,42.5,25,10.0,20075.0
247.5,54.4,32,12.8,25696.0
120.1,32.3,19,7.6,15257.0
88.7,23.8,14,5.6,11242.0
515.6,178.5,105,42.0,84315.0
145.4,39.1,23,9.2,18469.0
146.8,40.8,24,9.6,19272.0
218.6,54.4,32,12.8,25696.0
148.5,40.8,24,9.6,19272.0
288.8,54.4,32,12.8,25696.0
244.4,54.4,32,12.8,25696.0
251.9,54.4,32,12.8,25696.0
99.5,27.2,16,6.4,12848.0
424.3,54.4,32,12.8,25696.0
198.3,54.4,32,12.8,25696.0
236.4,54.4,32,12.8,25696.0
208.4,54.4,32,12.8,25696.0
283.4,54.4,32,12.8,25696.0
179.9,49.3,29,11.6,23287.0
650.4,178.5,105,42.0,84315.0
94.2,25.5,15,6.0,12045.0
226.2,54.4,32,12.8,25696.0
229.2,54.4,32,12.8,25696.0
663.5,178.5,105,42.0,84315.0
667.7,178.5,105,42.0,84315.0
635.2,178.5,105,42.0,84315.0
623.5,178.5,105,42.0,84315.0
514.8,178.5,105,42.0,84315.0
485.2,168.3,99,39.6,79497.0
654.9,178.5,105,42.0,84315.0
168.3,45.9,27,10.8,21681.0
116.9,32.3,19,7.6,15257.0
138.2,37.4,22,8.8,17666.0
423.5,54.4,32,12.8,25696.0
744.9,178.5,105,42.0,84315.0
151.1,40.8,24,9.6,19272.0
136.1,37.4,22,8.8,17666.0
620.6,178.5,105,42.0,84315.0
119.7,32.3,19,7.6,15257.0
536.1,178.5,105,42.0,84315.0
528.7,178.5,105,42.0,84315.0
382.6,54.4,32,12.8,25696.0
616.1,178.5,105,42.0,84315.0
335.2,54.4,32,12.8,25696.0
236.9,54.4,32,12.8,25696.0
730.3,178.5,105,42.0,84315.0
158.0,44.2,26,10.4,20878.0
518.5,178.5,105,42.0,84315.0
338.2,54.4,32,12.8,25696.0
165.8,45.9,27,10.8,21681.0
673.7,178.5,105,42.0,84315.0
407.8,54.4,32,12.8,25696.0
483.7,168.3,99,39.6,79497.0
690.6,178.5,105,42.0,84315.0
545.3,178.5,105,42.0,84315.0
508.2,176.8,104,41.6,83512.0
362.8,54.4,32,12.8,25696.0
706.3,178.5,105,42.0,84315.0
697.5,178.5,105,42.0,84315.0
554.8,178.5,105,42.0,84315.0
190.1,52.7,31,12.4,24893.0
202.2,54.4,32,12.8,25696.0
147.7,40.8,24,9.6,19272.0
159.5,44.2,26,10.4,20878.0
141.6,39.1,23,9.2,18469.0
311.9,54.4,32,12.8,25696.0
390.9,54.4,32,12.8,25696.0
200.6,54.4,32,12.8,25696.0
211.9,54.4,32,12.8,25696.0
212.6,54.4,32,12.8,25696.0
198.9,54.4,32,12.8,25696.0
361.7,54.4,32,12.8,25696.0
933.9,178.5,105,42.0,84315.0
203.3,54.4,32,12.8,25696.0
125.8,34.0,20,8.0,16060.0
115.9,32.3,19,7.6,15257.0
179.3,49.3,29,11.6,23287.0
188.1,51.0,30,12.0,24090.0
202.3,54.4,32,12.8,25696.0
135.2,37.4,22,8.8,17666.0
269.7,54.4,32,12.8,25696.0
144.6,39.1,23,9.2,18469.0
124.7,34.0,20,8.0,16060.0
91.9,25.5,15,6.0,12045.0
290.8,54.4,32,12.8,25696.0
168.5,45.9,27,10.8,21681.0
138.1,37.4,22,8.8,17666.0
875.3,178.5,105,42.0,84315.0
401.9,54.4,32,12.8,25696.0
320.5,54.4,32,12.8,25696.0
339.5,54.4,32,12.8,25696.0
438.1,54.4,32,12.8,25696.0
432.8,54.4,32,12.8,25696.0
372.7,54.4,32,12.8,25696.0
501.5,175.1,103,41.2,82709.0
323.3,112.2,66,26.4,52998.0
145.0,39.1,23,9.2,18469.0
449.9,54.4,32,12.8,25696.0
2568.0,598.4,352,140.8,282656.0
241.7,54.4,32,12.8,25696.0
261.2,54.4,32,12.8,25696.0
372.3,129.2,76,30.4,61028.0
388.2,54.4,32,12.8,25696.0
329.1,54.4,32,12.8,25696.0
272.4,54.4,32,12.8,25696.0
186.7,51.0,30,12.0,24090.0
303.5,54.4,32,12.8,25696.0
447.9,54.4,32,12.8,25696.0
250.9,54.4,32,12.8,25696.0
157.8,42.5,25,10.0,20075.0
408.9,54.4,32,12.8,25696.0
53.2,13.6,8,3.2,6424.0
79.3,22.1,13,5.2,10439.0
93.4,25.5,15,6.0,12045.0
149.0,40.8,24,9.6,19272.0
384.9,54.4,32,12.8,25696.0
348.6,54.4,32,12.8,25696.0
89.8,23.8,14,5.6,11242.0
432.3,54.4,32,12.8,25696.0
408.0,54.4,32,12.8,25696.0
368.3,54.4,32,12.8,25696.0
271.0,54.4,32,12.8,25696.0
396.1,54.4,32,12.8,25696.0
328.3,54.4,32,12.8,25696.0
477.6,166.6,98,39.2,78694.0
492.3,171.7,101,40.4,81103.0
118.0,32.3,19,7.6,15257.0
162.2,44.2,26,10.4,20878.0
144.1,39.1,23,9.2,18469.0
528.0,178.5,105,42.0,84315.0
135.3,37.4,22,8.8,17666.0
271.1,54.4,32,12.8,25696.0
519.7,178.5,105,42.0,84315.0
618.1,178.5,105,42.0,84315.0
360.5,54.4,32,12.8,25696.0
173.0,47.6,28,11.2,22484.0
893.0,178.5,105,42.0,84315.0
114.7,30.6,18,7.2,14454.0
277.4,110.5,65,26.0,52195.0
31.1,8.5,5,2.0,4015.0
1959.5,54.4,32,12.8,25696.0
1479.4,54.4,32,12.8,25696.0
225.4,54.4,32,12.8,25696.0
377.1,130.9,77,30.8,61831.0
684.9,178.5,105,42.0,84315.0
494.4,171.7,101,40.4,81103.0
156.2,42.5,25,10.0,20075.0
170.3,47.6,28,11.2,22484.0
258.5,54.4,32,12.8,25696.0
155.3,42.5,25,10.0,20075.0
228.2,54.4,32,12.8,25696.0
198.2,54.4,32,12.8,25696.0
132.5,35.7,21,8.4,16863.0
259.1,54.4,32,12.8,25696.0
158.5,44.2,26,10.4,20878.0
145.4,39.1,23,9.2,18469.0
210.5,54.4,32,12.8,25696.0
424.1,54.4,32,12.8,25696.0
273.1,54.4,32,12.8,25696.0
194.3,54.4,32,12.8,25696.0
449.4,54.4,32,12.8,25696.0
145.2,39.1,23,9.2,18469.0
174.8,47.6,28,11.2,22484.0
143.8,39.1,23,9.2,18469.0
59.0,15.3,9,3.6,7227.0
170.3,47.6,28,11.2,22484.0
234.6,54.4,32,12.8,25696.0
428.6,54.4,32,12.8,25696.0
221.4,54.4,32,12.8,25696.0
164.1,45.9,27,10.8,21681.0
224.0,54.4,32,12.8,25696.0
212.5,54.4,32,12.8,25696.0
178.4,49.3,29,11.6,23287.0
145.8,40.8,24,9.6,19272.0
223.8,54.4,32,12.8,25696.0
119.3,32.3,19,7.6,15257.0
182.4,51.0,30,12.0,24090.0
203.6,54.4,32,12.8,25696.0
145.2,39.1,23,9.2,18469.0
424.3,54.4,32,12.8,25696.0
165.1,45.9,27,10.8,21681.0
309.3,54.4,32,12.8,25696.0
214.0,54.4,32,12.8,25696.0
179.3,49.3,29,11.6,23287.0
147.0,40.8,24,9.6,19272.0
255.0,54.4,32,12.8,25696.0
156.4,42.5,25,10.0,20075.0
142.2,39.1,23,9.2,18469.0
117.6,32.3,19,7.6,15257.0
295.9,54.4,32,12.8,25696.0
161.4,44.2,26,10.4,20878.0
137.3,37.4,22,8.8,17666.0
206.7,54.4,32,12.8,25696.0
174.1,47.6,28,11.2,22484.0
226.5,54.4,32,12.8,25696.0
232.8,54.4,32,12.8,25696.0
203.6,54.4,32,12.8,25696.0
146.9,40.8,24,9.6,19272.0
171.7,47.6,28,11.2,22484.0
138.5,37.4,22,8.8,17666.0
210.4,54.4,32,12.8,25696.0
98.6,27.2,16,6.4,12848.0
269.0,54.4,32,12.8,25696.0
282.8,54.4,32,12.8,25696.0
172.3,47.6,28,11.2,22484.0
171.5,47.6,28,11.2,22484.0
289.0,54.4,32,12.8,25696.0
227.4,54.4,32,12.8,25696.0
215.2,54.4,32,12.8,25696.0
205.4,54.4,32,12.8,25696.0
183.2,51.0,30,12.0,24090.0
302.2,54.4,32,12.8,25696.0
267.4,54.4,32,12.8,25696.0
85.7,23.8,14,5.6,11242.0
131.4,35.7,21,8.4,16863.0
263.9,54.4,32,12.8,25696.0
173.2,47.6,28,11.2,22484.0
289.0,54.4,32,12.8,25696.0
227.1,54.4,32,12.8,25696.0
87.4,23.8,14,5.6,11242.0
256.4,54.4,32,12.8,25696.0
179.2,49.3,29,11.6,23287.0
166.6,45.9,27,10.8,21681.0
204.0,54.4,32,12.8,25696.0
135.1,37.4,22,8.8,17666.0
158.2,44.2,26,10.4,20878.0
226.5,54.4,32,12.8,25696.0
245.5,54.4,32,12.8,25696.0
181.5,49.3,29,11.6,23287.0
193.0,52.7,31,12.4,24893.0
190.8,52.7,31,12.4,24893.0
209.8,54.4,32,12.8,25696.0
141.8,39.1,23,9.2,18469.0
242.1,54.4,32,12.8,25696.0
173.8,47.6,28,11.2,22484.0
197.7,54.4,32,12.8,25696.0
210.6,54.4,32,12.8,25696.0
260.7,54.4,32,12.8,25696.0
199.7,54.4,32,12.8,25696.0
288.9,54.4,32,12.8,25696.0
123.6,34.0,20,8.0,16060.0
181.2,49.3,29,11.6,23287.0
168.7,45.9,27,10.8,21681.0
139.4,37.4,22,8.8,17666.0
132.3,35.7,21,8.4,16863.0
186.0,51.0,30,12.0,24090.0
166.2,45.9,27,10.8,21681.0
111.3,30.6,18,7.2,14454.0
152.5,42.5,25,10.0,20075.0
171.9,47.6,28,11.2,22484.0
180.9,49.3,29,11.6,23287.0
276.3,54.4,32,12.8,25696.0
153.8,42.5,25,10.0,20075.0
226.1,54.4,32,12.8,25696.0
200.9,54.4,32,12.8,25696.0
125.7,34.0,20,8.0,16060.0
204.0,54.4,32,12.8,25696.0
242.0,54.4,32,12.8,25696.0
220.0,54.4,32,12.8,25696.0
171.3,47.6,28,11.2,22484.0
208.8,54.4,32,12.8,25696.0
100.0,27.2,16,6.4,12848.0
187.8,51.0,30,12.0,24090.0
141.9,39.1,23,9.2,18469.0
245.2,54.4,32,12.8,25696.0
118.6,32.3,19,7.6,15257.0
73.3,20.4,12,4.8,9636.0
169.1,45.9,27,10.8,21681.0
165.9,45.9,27,10.8,21681.0
165.2,45.9,27,10.8,21681.0
325.1,54.4,32,12.8,25696.0
115.8,32.3,19,7.6,15257.0
255.2,54.4,32,12.8,25696.0
92.6,25.5,15,6.0,12045.0
210.0,54.4,32,12.8,25696.0
168.4,45.9,27,10.8,21681.0
185.2,51.0,30,12.0,24090.0
141.3,39.1,23,9.2,18469.0
353.5,54.4,32,12.8,25696.0
135.1,37.4,22,8.8,17666.0
131.2,35.7,21,8.4,16863.0
149.7,40.8,24,9.6,19272.0
141.9,39.1,23,9.2,18469.0
182.6,51.0,30,12.0,24090.0
155.6,42.5,25,10.0,20075.0
133.8,37.4,22,8.8,17666.0
90.6,23.8,14,5.6,11242.0
127.2,34.0,20,8.0,16060.0
113.3,30.6,18,7.2,14454.0
222.7,54.4,32,12.8,25696.0
172.2,47.6,28,11.2,22484.0
105.1,28.9,17,6.8,13651.0
163.1,44.2,26,10.4,20878.0
153.7,42.5,25,10.0,20075.0
105.2,28.9,17,6.8,13651.0
149.1,40.8,24,9.6,19272.0
96.1,25.5,15,6.0,12045.0
524.0,178.5,105,42.0,84315.0
616.7,178.5,105,42.0,84315.0
1029.3,178.5,105,42.0,84315.0
127.6,35.7,21,8.4,16863.0
125.0,34.0,20,8.0,16060.0
130.0,35.7,21,8.4,16863.0
570.1,178.5,105,42.0,84315.0
176.0,47.6,28,11.2,22484.0
242.8,54.4,32,12.8,25696.0
308.4,54.4,32,12.8,25696.0
286.6,54.4,32,12.8,25696.0
129.0,35.7,21,8.4,16863.0
180.7,49.3,29,11.6,23287.0
240.5,54.4,32,12.8,25696.0
235.1,54.4,32,12.8,25696.0
222.0,54.4,32,12.8,25696.0
144.3,39.1,23,9.2,18469.0
175.8,47.6,28,11.2,22484.0
170.4,47.6,28,11.2,22484.0
214.6,54.4,32,12.8,25696.0
176.8,49.3,29,11.6,23287.0
228.7,54.4,32,12.8,25696.0
215.9,54.4,32,12.8,25696.0
179.5,49.3,29,11.6,23287.0
305.5,54.4,32,12.8,25696.0
160.5,44.2,26,10.4,20878.0
175.9,47.6,28,11.2,22484.0
622.1,178.5,105,42.0,84315.0
450.1,156.4,92,36.8,73876.0
541.3,178.5,105,42.0,84315.0
543.5,178.5,105,42.0,84315.0
311.8,54.4,32,12.8,25696.0
189.8,52.7,31,12.4,24893.0
166.7,45.9,27,10.8,21681.0
214.7,54.4,32,12.8,25696.0
248.4,54.4,32,12.8,25696.0
612.8,178.5,105,42.0,84315.0
142.1,39.1,23,9.2,18469.0
125.2,34.0,20,8.0,16060.0
107.2,28.9,17,6.8,13651.0
385.1,54.4,32,12.8,25696.0
339.8,54.4,32,12.8,25696.0
775.1,178.5,105,42.0,84315.0
276.7,54.4,32,12.8,25696.0
603.3,178.5,105,42.0,84315.0
533.2,178.5,105,42.0,84315.0
705.8,178.5,105,42.0,84315.0
122.8,34.0,20,8.0,16060.0
133.0,35.7,21,8.4,16863.0
319.0,54.4,32,12.8,25696.0
409.9,54.4,32,12.8,25696.0
224.6,54.4,32,12.8,25696.0
447.1,54.4,32,12.8,25696.0
523.9,178.5,105,42.0,84315.0
345.9,54.4,32,12.8,25696.0
499.8,173.4,102,40.8,81906.0
367.5,54.4,32,12.8,25696.0
286.8,54.4,32,12.8,25696.0
280.0,54.4,32,12.8,25696.0
616.6,178.5,105,42.0,84315.0
336.2,54.4,32,12.8,25696.0
166.0,45.9,27,10.8,21681.0
232.6,54.4,32,12.8,25696.0
569.6,178.5,105,42.0,84315.0
356.1,54.4,32,12.8,25696.0
281.6,54.4,32,12.8,25696.0
219.0,54.4,32,12.8,25696.0
527.4,178.5,105,42.0,84315.0
336.7,54.4,32,12.8,25696.0
464.3,161.5,95,38.0,76285.0
285.6,54.4,32,12.8,25696.0
243.8,54.4,32,12.8,25696.0
483.0,168.3,99,39.6,79497.0
601.7,178.5,105,42.0,84315.0
590.8,178.5,105,42.0,84315.0
339.2,54.4,32,12.8,25696.0
480.5,166.6,98,39.2,78694.0
770.2,178.5,105,42.0,84315.0
509.2,176.8,104,41.6,83512.0
363.2,54.4,32,12.8,25696.0
372.2,54.4,32,12.8,25696.0
536.6,178.5,105,42.0,84315.0
191.4,52.7,31,12.4,24893.0
565.2,178.5,105,42.0,84315.0
411.2,54.4,32,12.8,25696.0
150.5,40.8,24,9.6,19272.0
129.5,35.7,21,8.4,16863.0
180.1,49.3,29,11.6,23287.0
192.6,52.7,31,12.4,24893.0
242.4,54.4,32,12.8,25696.0
214.6,54.4,32,12.8,25696.0
603.6,178.5,105,42.0,84315.0
210.2,54.4,32,12.8,25696.0
238.5,54.4,32,12.8,25696.0
195.1,54.4,32,12.8,25696.0
238.6,54.4,32,12.8,25696.0
140.9,39.1,23,9.2,18469.0
161.4,44.2,26,10.4,20878.0
116.7,32.3,19,7.6,15257.0
205.3,54.4,32,12.8,25696.0
202.2,54.4,32,12.8,25696.0
138.6,37.4,22,8.8,17666.0
95.1,25.5,15,6.0,12045.0
335.9,54.4,32,12.8,25696.0
231.6,54.4,32,12.8,25696.0
274.4,54.4,32,12.8,25696.0
308.3,54.4,32,12.8,25696.0
131.6,35.7,21,8.4,16863.0
185.7,51.0,30,12.0,24090.0
165.6,45.9,27,10.8,21681.0
218.8,54.4,32,12.8,25696.0
119.0,32.3,19,7.6,15257.0
147.2,40.8,24,9.6,19272.0
159.8,44.2,26,10.4,20878.0
46.5,11.9,7,2.8,5621.0
107.7,28.9,17,6.8,13651.0
103.0,27.2,16,6.4,12848.0
194.7,54.4,32,12.8,25696.0
183.3,51.0,30,12.0,24090.0
175.3,47.6,28,11.2,22484.0
603.7,178.5,105,42.0,84315.0
354.4,54.4,32,12.8,25696.0
815.3,178.5,105,42.0,84315.0
199.7,54.4,32,12.8,25696.0
138.3,37.4,22,8.8,17666.0
164.3,45.9,27,10.8,21681.0
163.3,44.2,26,10.4,20878.0
226.7,54.4,32,12.8,25696.0
184.2,51.0,30,12.0,24090.0
139.8,39.1,23,9.2,18469.0
170.6,47.6,28,11.2,22484.0
115.8,32.3,19,7.6,15257.0
228.3,54.4,32,12.8,25696.0
194.9,54.4,32,12.8,25696.0
153.1,42.5,25,10.0,20075.0
173.0,47.6,28,11.2,22484.0
131.1,35.7,21,8.4,16863.0
121.6,34.0,20,8.0,16060.0
128.9,35.7,21,8.4,16863.0
110.5,30.6,18,7.2,14454.0
126.6,34.0,20,8.0,16060.0
151.9,42.5,25,10.0,20075.0
255.0,54.4,32,12.8,25696.0
116.0,32.3,19,7.6,15257.0
181.9,49.3,29,11.6,23287.0
205.8,54.4,32,12.8,25696.0
115.7,32.3,19,7.6,15257.0
121.5,34.0,20,8.0,16060.0
129.8,35.7,21,8.4,16863.0
125.9,34.0,20,8.0,16060.0
125.5,34.0,20,8.0,16060.0
107.0,28.9,17,6.8,13651.0
143.2,39.1,23,9.2,18469.0
127.2,34.0,20,8.0,16060.0
114.7,30.6,18,7.2,14454.0
171.3,47.6,28,11.2,22484.0
305.2,54.4,32,12.8,25696.0
200.8,54.4,32,12.8,25696.0
132.6,35.7,21,8.4,16863.0
145.8,40.8,24,9.6,19272.0
81.8,22.1,13,5.2,10439.0
120.2,32.3,19,7.6,15257.0
203.3,54.4,32,12.8,25696.0
102.3,27.2,16,6.4,12848.0
169.9,45.9,27,10.8,21681.0
196.3,54.4,32,12.8,25696.0
177.2,49.3,29,11.6,23287.0
150.9,40.8,24,9.6,19272.0
145.9,40.8,24,9.6,19272.0
184.5,51.0,30,12.0,24090.0
175.3,47.6,28,11.2,22484.0
182.1,49.3,29,11.6,23287.0
161.7,44.2,26,10.4,20878.0
280.4,54.4,32,12.8,25696.0
241.6,54.4,32,12.8,25696.0
350.4,54.4,32,12.8,25696.0
119.9,32.3,19,7.6,15257.0
114.2,30.6,18,7.2,14454.0
121.4,32.3,19,7.6,15257.0
125.9,34.0,20,8.0,16060.0
138.1,37.4,22,8.8,17666.0
87.0,23.8,14,5.6,11242.0
125.3,34.0,20,8.0,16060.0
133.2,35.7,21,8.4,16863.0
155.8,42.5,25,10.0,20075.0
143.4,39.1,23,9.2,18469.0
95.5,25.5,15,6.0,12045.0
219.8,54.4,32,12.8,25696.0
212.0,54.4,32,12.8,25696.0
136.5,37.4,22,8.8,17666.0
185.4,51.0,30,12.0,24090.0
118.0,32.3,19,7.6,15257.0
137.3,37.4,22,8.8,17666.0
216.3,54.4,32,12.8,25696.0
450.5,156.4,92,36.8,73876.0
200.1,54.4,32,12.8,25696.0
174.1,47.6,28,11.2,22484.0
184.0,51.0,30,12.0,24090.0
302.6,54.4,32,12.8,25696.0
228.1,54.4,32,12.8,25696.0
160.3,44.2,26,10.4,20878.0
135.5,37.4,22,8.8,17666.0
176.1,49.3,29,11.6,23287.0
173.7,47.6,28,11.2,22484.0
127.0,34.0,20,8.0,16060.0
158.4,44.2,26,10.4,20878.0
184.6,51.0,30,12.0,24090.0
184.5,51.0,30,12.0,24090.0
231.9,54.4,32,12.8,25696.0
128.3,35.7,21,8.4,16863.0
156.8,42.5,25,10.0,20075.0
141.8,39.1,23,9.2,18469.0
117.2,32.3,19,7.6,15257.0
108.2,28.9,17,6.8,13651.0
191.8,52.7,31,12.4,24893.0
122.4,34.0,20,8.0,16060.0
240.7,54.4,32,12.8,25696.0
163.5,44.2,26,10.4,20878.0
114.8,30.6,18,7.2,14454.0
249.8,54.4,32,12.8,25696.0
107.9,28.9,17,6.8,13651.0
87.2,23.8,14,5.6,11242.0
104.4,28.9,17,6.8,13651.0
92.0,25.5,15,6.0,12045.0
213.0,54.4,32,12.8,25696.0
203.2,54.4,32,12.8,25696.0
188.5,52.7,31,12.4,24893.0
175.1,47.6,28,11.2,22484.0
192.1,52.7,31,12.4,24893.0
254.8,54.4,32,12.8,25696.0
131.8,35.7,21,8.4,16863.0
100.1,27.2,16,6.4,12848.0
117.0,32.3,19,7.6,15257.0
126.7,34.0,20,8.0,16060.0
167.7,45.9,27,10.8,21681.0
119.7,32.3,19,7.6,15257.0
190.8,52.7,31,12.4,24893.0
125.9,34.0,20,8.0,16060.0
102.8,27.2,16,6.4,12848.0
136.8,37.4,22,8.8,17666.0
127.7,35.7,21,8.4,16863.0
126.7,34.0,20,8.0,16060.0
72.8,18.7,11,4.4,8833.0
127.7,35.7,21,8.4,16863.0
82.4,22.1,13,5.2,10439.0
123.0,34.0,20,8.0,16060.0
192.2,52.7,31,12.4,24893.0
146.4,40.8,24,9.6,19272.0
118.4,32.3,19,7.6,15257.0
97.7,27.2,16,6.4,12848.0
124.1,34.0,20,8.0,16060.0
105.2,28.9,17,6.8,13651.0
124.0,34.0,20,8.0,16060.0
176.7,49.3,29,11.6,23287.0
123.5,34.0,20,8.0,16060.0
92.2,25.5,15,6.0,12045.0
111.6,30.6,18,7.2,14454.0
62.1,17.0,10,4.0,8030.0
70.9,18.7,11,4.4,8833.0
117.6,32.3,19,7.6,15257.0
102.2,27.2,16,6.4,12848.0
140.5,39.1,23,9.2,18469.0
178.2,49.3,29,11.6,23287.0
164.3,45.9,27,10.8,21681.0
179.8,49.3,29,11.6,23287.0
190.8,52.7,31,12.4,24893.0
125.5,34.0,20,8.0,16060.0
198.6,54.4,32,12.8,25696.0
94.2,25.5,15,6.0,12045.0
165.6,45.9,27,10.8,21681.0
158.9,44.2,26,10.4,20878.0
234.8,54.4,32,12.8,25696.0
102.4,27.2,16,6.4,12848.0
124.0,34.0,20,8.0,16060.0
191.1,52.7,31,12.4,24893.0
124.2,34.0,20,8.0,16060.0
192.9,52.7,31,12.4,24893.0
127.2,34.0,20,8.0,16060.0
183.3,51.0,30,12.0,24090.0
139.6,37.4,22,8.8,17666.0
146.1,40.8,24,9.6,19272.0
136.0,37.4,22,8.8,17666.0
127.7,35.7,21,8.4,16863.0
133.6,37.4,22,8.8,17666.0
252.8,54.4,32,12.8,25696.0
174.4,47.6,28,11.2,22484.0
231.0,54.4,32,12.8,25696.0
80.9,22.1,13,5.2,10439.0
85.9,23.8,14,5.6,11242.0
158.3,44.2,26,10.4,20878.0
132.2,35.7,21,8.4,16863.0
116.8,32.3,19,7.6,15257.0
122.3,34.0,20,8.0,16060.0
173.8,47.6,28,11.2,22484.0
180.3,49.3,29,11.6,23287.0
207.2,54.4,32,12.8,25696.0
113.6,30.6,18,7.2,14454.0
175.3,47.6,28,11.2,22484.0
250.8,54.4,32,12.8,25696.0
193.8,52.7,31,12.4,24893.0
188.7,52.7,31,12.4,24893.0
181.5,49.3,29,11.6,23287.0
288.0,54.4,32,12.8,25696.0
232.2,54.4,32,12.8,25696.0
216.0,54.4,32,12.8,25696.0
207.7,54.4,32,12.8,25696.0
175.3,47.6,28,11.2,22484.0
207.5,54.4,32,12.8,25696.0
177.3,49.3,29,11.6,23287.0
191.8,52.7,31,12.4,24893.0
255.1,54.4,32,12.8,25696.0
104.7,28.9,17,6.8,13651.0
203.0,54.4,32,12.8,25696.0
181.8,49.3,29,11.6,23287.0
137.9,37.4,22,8.8,17666.0
181.7,49.3,29,11.6,23287.0
464.0,161.5,95,38.0,76285.0
118.8,32.3,19,7.6,15257.0
156.4,42.5,25,10.0,20075.0
156.3,42.5,25,10.0,20075.0
125.9,34.0,20,8.0,16060.0
143.5,39.1,23,9.2,18469.0
107.6,28.9,17,6.8,13651.0
90.7,23.8,14,5.6,11242.0
65.7,17.0,10,4.0,8030.0
259.1,54.4,32,12.8,25696.0
174.3,47.6,28,11.2,22484.0
181.5,49.3,29,11.6,23287.0
401.8,54.4,32,12.8,25696.0
240.2,54.4,32,12.8,25696.0
107.6,28.9,17,6.8,13651.0
142.4,39.1,23,9.2,18469.0
121.5,34.0,20,8.0,16060.0
375.6,54.4,32,12.8,25696.0
97.0,25.5,15,6.0,12045.0
122.6,34.0,20,8.0,16060.0
187.3,51.0,30,12.0,24090.0
150.2,40.8,24,9.6,19272.0
159.6,44.2,26,10.4,20878.0
163.3,44.2,26,10.4,20878.0
132.4,35.7,21,8.4,16863.0
123.1,34.0,20,8.0,16060.0
165.7,45.9,27,10.8,21681.0
221.9,54.4,32,12.8,25696.0
190.7,52.7,31,12.4,24893.0
116.9,32.3,19,7.6,15257.0
109.3,30.6,18,7.2,14454.0
143.2,39.1,23,9.2,18469.0
94.8,25.5,15,6.0,12045.0
90.8,23.8,14,5.6,11242.0
212.1,54.4,32,12.8,25696.0
170.2,47.6,28,11.2,22484.0
107.4,28.9,17,6.8,13651.0
118.0,32.3,19,7.6,15257.0
106.9,28.9,17,6.8,13651.0
572.5,178.5,105,42.0,84315.0
978.6,178.5,105,42.0,84315.0
176.7,49.3,29,11.6,23287.0
178.6,49.3,29,11.6,23287.0
161.1,44.2,26,10.4,20878.0
145.8,40.8,24,9.6,19272.0
262.8,54.4,32,12.8,25696.0
223.0,54.4,32,12.8,25696.0
229.5,54.4,32,12.8,25696.0
205.6,54.4,32,12.8,25696.0
257.7,54.4,32,12.8,25696.0
128.1,35.7,21,8.4,16863.0
213.3,54.4,32,12.8,25696.0
199.2,54.4,32,12.8,25696.0
256.0,54.4,32,12.8,25696.0
108.6,28.9,17,6.8,13651.0
162.0,44.2,26,10.4,20878.0
135.9,37.4,22,8.8,17666.0
193.7,52.7,31,12.4,24893.0
195.8,54.4,32,12.8,25696.0
188.2,51.0,30,12.0,24090.0
201.2,54.4,32,12.8,25696.0
128.1,35.7,21,8.4,16863.0
184.5,51.0,30,12.0,24090.0
157.3,42.5,25,10.0,20075.0
109.7,30.6,18,7.2,14454.0
247.5,54.4,32,12.8,25696.0
146.5,40.8,24,9.6,19272.0
193.0,52.7,31,12.4,24893.0
183.5,51.0,30,12.0,24090.0
1562.0,178.5,105,42.0,84315.0
300.0,54.4,32,12.8,25696.0
781.5,311.1,183,73.2,146949.0
822.5,328.1,193,77.2,154979.0
711.2,178.5,105,42.0,84315.0
1718.7,178.5,105,42.0,84315.0
445.8,154.7,91,36.4,73073.0
733.9,178.5,105,42.0,84315.0
93.8,25.5,15,6.0,12045.0
728.7,178.5,105,42.0,84315.0
420.3,54.4,32,12.8,25696.0
255.4,54.4,32,12.8,25696.0
273.7,54.4,32,12.8,25696.0
906.4,178.5,105,42.0,84315.0
320.5,110.5,65,26.0,52195.0
462.4,161.5,95,38.0,76285.0
662.9,178.5,105,42.0,84315.0
725.1,178.5,105,42.0,84315.0
670.2,178.5,105,42.0,84315.0
362.8,125.8,74,29.6,59422.0
786.3,178.5,105,42.0,84315.0
132.7,35.7,21,8.4,16863.0
725.7,178.5,105,42.0,84315.0
454.8,158.1,93,37.2,74679.0
230.2,79.9,47,18.8,37741.0
269.1,93.5,55,22.0,44165.0
370.8,129.2,76,30.4,61028.0
309.2,54.4,32,12.8,25696.0
51.3,13.6,8,3.2,6424.0
127.6,35.7,21,8.4,16863.0
110.8,30.6,18,7.2,14454.0
103.5,28.9,17,6.8,13651.0
78.5,20.4,12,4.8,9636.0
181.6,49.3,29,11.6,23287.0
83.3,22.1,13,5.2,10439.0
25.5,6.8,4,1.6,3212.0
40.8,10.2,6,2.4,4818.0
28.8,6.8,4,1.6,3212.0
61.1,17.0,10,4.0,8030.0
29.9,6.8,4,1.6,3212.0
125.2,34.0,20,8.0,16060.0
101.3,27.2,16,6.4,12848.0
31.9,8.5,5,2.0,4015.0
42.4,10.2,6,2.4,4818.0
98.6,27.2,16,6.4,12848.0
193.7,52.7,31,12.4,24893.0
221.4,54.4,32,12.8,25696.0
108.0,28.9,17,6.8,13651.0
272.5,54.4,32,12.8,25696.0
319.7,54.4,32,12.8,25696.0
292.2,54.4,32,12.8,25696.0
317.0,54.4,32,12.8,25696.0
315.0,54.4,32,12.8,25696.0
319.6,54.4,32,12.8,25696.0
256.9,54.4,32,12.8,25696.0
225.0,54.4,32,12.8,25696.0
134.9,37.4,22,8.8,17666.0
234.9,54.4,32,12.8,25696.0
227.7,54.4,32,12.8,25696.0
22.1,5.1,3,1.2,2409.0
3571.1,598.4,352,140.8,282656.0
793.1,178.5,105,42.0,84315.0
777.0,178.5,105,42.0,84315.0
200.3,54.4,32,12.8,25696.0
174.9,47.6,28,11.2,22484.0
222.1,54.4,32,12.8,25696.0
325.6,54.4,32,12.8,25696.0
240.6,54.4,32,12.8,25696.0
128.4,35.7,21,8.4,16863.0
184.8,73.1,43,17.2,34529.0
263.5,54.4,32,12.8,25696.0
229.2,54.4,32,12.8,25696.0
204.4,54.4,32,12.8,25696.0
155.6,42.5,25,10.0,20075.0
294.9,54.4,32,12.8,25696.0
402.8,139.4,82,32.8,65846.0
302.7,105.4,62,24.8,49786.0
447.9,156.4,92,36.8,73876.0
155.7,42.5,25,10.0,20075.0
34.3,8.5,5,2.0,4015.0
38.0,10.2,6,2.4,4818.0
56.3,15.3,9,3.6,7227.0
133.9,37.4,22,8.8,17666.0
825.3,178.5,105,42.0,84315.0
876.0,178.5,105,42.0,84315.0
843.2,178.5,105,42.0,84315.0
196.8,54.4,32,12.8,25696.0
53.3,13.6,8,3.2,6424.0
53.5,13.6,8,3.2,6424.0
53.3,13.6,8,3.2,6424.0
53.4,13.6,8,3.2,6424.0
88.0,23.8,14,5.6,11242.0
88.2,23.8,14,5.6,11242.0
56.0,15.3,9,3.6,7227.0
56.0,15.3,9,3.6,7227.0
87.7,23.8,14,5.6,11242.0
87.7,23.8,14,5.6,11242.0
52.6,13.6,8,3.2,6424.0
52.6,13.6,8,3.2,6424.0
52.5,13.6,8,3.2,6424.0
52.5,13.6,8,3.2,6424.0
52.5,13.6,8,3.2,6424.0
52.6,13.6,8,3.2,6424.0
52.6,13.6,8,3.2,6424.0
52.5,13.6,8,3.2,6424.0
52.7,13.6,8,3.2,6424.0
58.2,15.3,9,3.6,7227.0
212.4,54.4,32,12.8,25696.0
103.2,27.2,16,6.4,12848.0
124.0,34.0,20,8.0,16060.0
26.9,6.8,4,1.6,3212.0
28.3,6.8,4,1.6,3212.0
130.0,35.7,21,8.4,16863.0
213.3,54.4,32,12.8,25696.0
174.4,47.6,28,11.2,22484.0
137.0,37.4,22,8.8,17666.0
144.0,39.1,23,9.2,18469.0
269.8,54.4,32,12.8,25696.0
162.9,44.2,26,10.4,20878.0
86.2,23.8,14,5.6,11242.0
119.7,32.3,19,7.6,15257.0
193.1,66.3,39,15.6,31317.0
205.2,54.4,32,12.8,25696.0
126.0,34.0,20,8.0,16060.0
103.4,28.9,17,6.8,13651.0
160.8,44.2,26,10.4,20878.0
80.2,22.1,13,5.2,10439.0
188.3,52.7,31,12.4,24893.0
315.0,54.4,32,12.8,25696.0
171.8,47.6,28,11.2,22484.0
92.8,25.5,15,6.0,12045.0
110.3,30.6,18,7.2,14454.0
220.6,54.4,32,12.8,25696.0
737.9,178.5,105,42.0,84315.0
480.2,166.6,98,39.2,78694.0
532.5,178.5,105,42.0,84315.0
542.8,178.5,105,42.0,84315.0
489.9,170.0,100,40.0,80300.0
489.7,170.0,100,40.0,80300.0
554.6,178.5,105,42.0,84315.0
261.8,90.1,53,21.2,42559.0
325.0,112.2,66,26.4,52998.0
203.4,54.4,32,12.8,25696.0
523.6,178.5,105,42.0,84315.0
269.9,93.5,55,22.0,44165.0
402.8,139.4,82,32.8,65846.0
476.3,166.6,98,39.2,78694.0
383.2,132.6,78,31.2,62634.0
388.4,134.3,79,31.6,63437.0
465.4,161.5,95,38.0,76285.0
224.8,78.2,46,18.4,36938.0
296.6,103.7,61,24.4,48983.0
217.0,74.8,44,17.6,35332.0
287.6,100.3,59,23.6,47377.0
255.2,88.4,52,20.8,41756.0
231.8,79.9,47,18.8,37741.0
247.0,85.0,50,20.0,40150.0
231.0,79.9,47,18.8,37741.0
205.4,71.4,42,16.8,33726.0
242.0,83.3,49,19.6,39347.0
487.7,170.0,100,40.0,80300.0
421.8,146.2,86,34.4,69058.0
344.8,119.0,70,28.0,56210.0
536.7,178.5,105,42.0,84315.0
267.5,93.5,55,22.0,44165.0
276.7,95.2,56,22.4,44968.0
305.0,105.4,62,24.8,49786.0
168.7,57.8,34,13.6,27302.0
216.1,74.8,44,17.6,35332.0
502.2,175.1,103,41.2,82709.0
424.7,147.9,87,34.8,69861.0
245.8,85.0,50,20.0,40150.0
513.4,178.5,105,42.0,84315.0
995.3,178.5,105,42.0,84315.0
527.5,178.5,105,42.0,84315.0
333.9,115.6,68,27.2,54604.0
673.0,178.5,105,42.0,84315.0
641.7,178.5,105,42.0,84315.0
219.9,76.5,45,18.0,36135.0
304.9,105.4,62,24.8,49786.0
333.9,115.6,68,27.2,54604.0
260.7,90.1,53,21.2,42559.0
379.3,132.6,78,31.2,62634.0
244.2,85.0,50,20.0,40150.0
225.0,78.2,46,18.4,36938.0
233.8,81.6,48,19.2,38544.0
236.7,81.6,48,19.2,38544.0
274.3,95.2,56,22.4,44968.0
194.3,68.0,40,16.0,32120.0
372.4,129.2,76,30.4,61028.0
369.2,129.2,76,30.4,61028.0
377.1,130.9,77,30.8,61831.0
212.1,54.4,32,12.8,25696.0
701.6,178.5,105,42.0,84315.0
321.1,112.2,66,26.4,52998.0
419.1,146.2,86,34.4,69058.0
225.7,78.2,46,18.4,36938.0
283.6,98.6,58,23.2,46574.0
350.4,122.4,72,28.8,57816.0
284.5,98.6,58,23.2,46574.0
310.4,107.1,63,25.2,50589.0
281.6,96.9,57,22.8,45771.0
449.4,156.4,92,36.8,73876.0
411.4,142.8,84,33.6,67452.0
532.8,178.5,105,42.0,84315.0
478.0,166.6,98,39.2,78694.0
558.8,178.5,105,42.0,84315.0
2623.3,178.5,105,42.0,84315.0
1042.1,178.5,105,42.0,84315.0
435.5,151.3,89,35.6,71467.0
429.6,149.6,88,35.2,70664.0
219.8,76.5,45,18.0,36135.0
848.5,178.5,105,42.0,84315.0
355.6,124.1,73,29.2,58619.0
569.9,178.5,105,42.0,84315.0
73.4,25.5,15,6.0,12045.0
468.8,163.2,96,38.4,77088.0
372.8,129.2,76,30.4,61028.0
390.2,136.0,80,32.0,64240.0
498.6,173.4,102,40.8,81906.0
492.8,171.7,101,40.4,81103.0
638.3,178.5,105,42.0,84315.0
720.3,178.5,105,42.0,84315.0
408.8,142.8,84,33.6,67452.0
245.4,85.0,50,20.0,40150.0
241.3,83.3,49,19.6,39347.0
297.0,103.7,61,24.4,48983.0
688.3,178.5,105,42.0,84315.0
358.3,124.1,73,29.2,58619.0
327.9,113.9,67,26.8,53801.0
632.3,178.5,105,42.0,84315.0
560.1,178.5,105,42.0,84315.0
242.2,83.3,49,19.6,39347.0
250.3,86.7,51,20.4,40953.0
259.8,90.1,53,21.2,42559.0
634.2,178.5,105,42.0,84315.0
375.4,130.9,77,30.8,61831.0
450.7,156.4,92,36.8,73876.0
305.5,105.4,62,24.8,49786.0
367.6,127.5,75,30.0,60225.0
331.1,115.6,68,27.2,54604.0
285.4,98.6,58,23.2,46574.0
252.4,86.7,51,20.4,40953.0
644.9,178.5,105,42.0,84315.0
367.0,127.5,75,30.0,60225.0
421.9,146.2,86,34.4,69058.0
505.9,176.8,104,41.6,83512.0
350.0,122.4,72,28.8,57816.0
537.2,178.5,105,42.0,84315.0
509.5,176.8,104,41.6,83512.0
618.4,178.5,105,42.0,84315.0
329.2,113.9,67,26.8,53801.0
299.7,103.7,61,24.4,48983.0
243.1,85.0,50,20.0,40150.0
601.1,178.5,105,42.0,84315.0
668.1,178.5,105,42.0,84315.0
322.4,112.2,66,26.4,52998.0
335.8,117.3,69,27.6,55407.0
382.2,132.6,78,31.2,62634.0
280.8,96.9,57,22.8,45771.0
370.6,129.2,76,30.4,61028.0
290.1,100.3,59,23.6,47377.0
257.9,90.1,53,21.2,42559.0
545.5,178.5,105,42.0,84315.0
488.2,170.0,100,40.0,80300.0
601.4,178.5,105,42.0,84315.0
321.9,112.2,66,26.4,52998.0
156.4,54.4,32,12.8,25696.0
271.5,93.5,55,22.0,44165.0
715.6,178.5,105,42.0,84315.0
464.1,161.5,95,38.0,76285.0
596.0,178.5,105,42.0,84315.0
375.7,130.9,77,30.8,61831.0
225.8,78.2,46,18.4,36938.0
202.4,69.7,41,16.4,32923.0
235.4,81.6,48,19.2,38544.0
451.6,156.4,92,36.8,73876.0
455.0,158.1,93,37.2,74679.0
386.6,134.3,79,31.6,63437.0
415.3,144.5,85,34.0,68255.0
423.6,147.9,87,34.8,69861.0
336.5,117.3,69,27.6,55407.0
483.0,168.3,99,39.6,79497.0
303.6,105.4,62,24.8,49786.0
275.0,95.2,56,22.4,44968.0
305.1,105.4,62,24.8,49786.0
219.9,76.5,45,18.0,36135.0
133.4,35.7,21,8.4,16863.0
161.9,44.2,26,10.4,20878.0
218.5,54.4,32,12.8,25696.0
218.0,54.4,32,12.8,25696.0
299.1,54.4,32,12.8,25696.0
146.5,40.8,24,9.6,19272.0
103.2,27.2,16,6.4,12848.0
248.7,54.4,32,12.8,25696.0
268.5,54.4,32,12.8,25696.0
162.3,44.2,26,10.4,20878.0
233.9,54.4,32,12.8,25696.0
217.9,54.4,32,12.8,25696.0
120.3,32.3,19,7.6,15257.0
220.2,54.4,32,12.8,25696.0
55.4,15.3,9,3.6,7227.0
177.8,49.3,29,11.6,23287.0
192.9,52.7,31,12.4,24893.0
179.5,49.3,29,11.6,23287.0
198.1,54.4,32,12.8,25696.0
196.0,54.4,32,12.8,25696.0
47.3,11.9,7,2.8,5621.0
219.1,54.4,32,12.8,25696.0
160.6,44.2,26,10.4,20878.0
171.3,47.6,28,11.2,22484.0
248.8,54.4,32,12.8,25696.0
209.4,54.4,32,12.8,25696.0
139.0,37.4,22,8.8,17666.0
181.3,49.3,29,11.6,23287.0
195.7,54.4,32,12.8,25696.0
178.9,49.3,29,11.6,23287.0
173.4,47.6,28,11.2,22484.0
151.3,40.8,24,9.6,19272.0
233.2,54.4,32,12.8,25696.0
116.4,32.3,19,7.6,15257.0
136.0,37.4,22,8.8,17666.0
314.3,54.4,32,12.8,25696.0
227.4,54.4,32,12.8,25696.0
161.3,44.2,26,10.4,20878.0
153.5,42.5,25,10.0,20075.0
180.3,49.3,29,11.6,23287.0
224.9,54.4,32,12.8,25696.0
324.4,54.4,32,12.8,25696.0
205.6,54.4,32,12.8,25696.0
200.7,54.4,32,12.8,25696.0
238.7,54.4,32,12.8,25696.0
176.8,49.3,29,11.6,23287.0
227.8,54.4,32,12.8,25696.0
127.6,35.7,21,8.4,16863.0
253.6,54.4,32,12.8,25696.0
269.0,54.4,32,12.8,25696.0
186.5,51.0,30,12.0,24090.0
182.9,51.0,30,12.0,24090.0
162.1,44.2,26,10.4,20878.0
122.0,34.0,20,8.0,16060.0
317.0,54.4,32,12.8,25696.0
400.7,54.4,32,12.8,25696.0
137.0,37.4,22,8.8,17666.0
148.6,40.8,24,9.6,19272.0
146.1,40.8,24,9.6,19272.0
150.6,40.8,24,9.6,19272.0
149.4,40.8,24,9.6,19272.0
170.9,47.6,28,11.2,22484.0
125.3,34.0,20,8.0,16060.0
52.5,13.6,8,3.2,6424.0
306.9,54.4,32,12.8,25696.0
218.0,54.4,32,12.8,25696.0
199.7,54.4,32,12.8,25696.0
162.0,44.2,26,10.4,20878.0
182.5,51.0,30,12.0,24090.0
229.0,54.4,32,12.8,25696.0
130.4,35.7,21,8.4,16863.0
174.4,47.6,28,11.2,22484.0
184.0,51.0,30,12.0,24090.0
208.8,54.4,32,12.8,25696.0
213.9,54.4,32,12.8,25696.0
318.5,54.4,32,12.8,25696.0
167.6,45.9,27,10.8,21681.0
163.6,44.2,26,10.4,20878.0
292.1,54.4,32,12.8,25696.0
252.0,54.4,32,12.8,25696.0
299.3,54.4,32,12.8,25696.0
125.1,34.0,20,8.0,16060.0
143.1,39.1,23,9.2,18469.0
277.5,54.4,32,12.8,25696.0
255.7,54.4,32,12.8,25696.0
160.7,44.2,26,10.4,20878.0
174.1,47.6,28,11.2,22484.0
177.4,49.3,29,11.6,23287.0
276.3,54.4,32,12.8,25696.0
204.4,54.4,32,12.8,25696.0
224.6,54.4,32,12.8,25696.0
30.0,6.8,4,1.6,3212.0
164.3,45.9,27,10.8,21681.0
148.6,40.8,24,9.6,19272.0
254.6,54.4,32,12.8,25696.0
162.9,44.2,26,10.4,20878.0
187.4,51.0,30,12.0,24090.0
620.2,178.5,105,42.0,84315.0
490.6,171.7,101,40.4,81103.0
138.6,37.4,22,8.8,17666.0
154.2,42.5,25,10.0,20075.0
1138.7,178.5,105,42.0,84315.0
20.1,5.1,3,1.2,2409.0
234.1,81.6,48,19.2,38544.0
549.5,219.3,129,51.6,103587.0
100.8,27.2,16,6.4,12848.0
108.9,28.9,17,6.8,13651.0
853.2,178.5,105,42.0,84315.0
839.3,178.5,105,42.0,84315.0
604.2,178.5,105,42.0,84315.0
247.8,54.4,32,12.8,25696.0
181.8,49.3,29,11.6,23287.0
169.8,45.9,27,10.8,21681.0
137.8,37.4,22,8.8,17666.0
124.1,34.0,20,8.0,16060.0
177.6,49.3,29,11.6,23287.0
77.0,20.4,12,4.8,9636.0
140.3,56.1,33,13.2,26499.0
150.0,40.8,24,9.6,19272.0
168.9,45.9,27,10.8,21681.0
112.9,30.6,18,7.2,14454.0
190.1,52.7,31,12.4,24893.0
93.6,25.5,15,6.0,12045.0
93.1,25.5,15,6.0,12045.0
130.3,35.7,21,8.4,16863.0
134.9,37.4,22,8.8,17666.0
324.2,54.4,32,12.8,25696.0
159.9,44.2,26,10.4,20878.0
189.8,52.7,31,12.4,24893.0
232.3,54.4,32,12.8,25696.0
232.3,54.4,32,12.8,25696.0
72.7,18.7,11,4.4,8833.0
108.6,28.9,17,6.8,13651.0
115.2,30.6,18,7.2,14454.0
288.7,54.4,32,12.8,25696.0
119.5,32.3,19,7.6,15257.0
124.7,34.0,20,8.0,16060.0
342.4,54.4,32,12.8,25696.0
324.4,54.4,32,12.8,25696.0
177.8,49.3,29,11.6,23287.0
269.3,54.4,32,12.8,25696.0
132.5,35.7,21,8.4,16863.0
1942.2,598.4,352,140.8,282656.0
283.2,54.4,32,12.8,25696.0
259.4,54.4,32,12.8,25696.0
572.1,54.4,32,12.8,25696.0
23.3,5.1,3,1.2,2409.0
900.2,178.5,105,42.0,84315.0
1239.3,178.5,105,42.0,84315.0
104.6,28.9,17,6.8,13651.0
3450.6,598.4,352,140.8,282656.0
50.6,13.6,8,3.2,6424.0
115.5,32.3,19,7.6,15257.0
54.5,13.6,8,3.2,6424.0
28.0,6.8,4,1.6,3212.0
279.7,54.4,32,12.8,25696.0
258.3,54.4,32,12.8,25696.0
188.1,51.0,30,12.0,24090.0
123.0,34.0,20,8.0,16060.0
20.0,5.1,3,1.2,2409.0
20.1,5.1,3,1.2,2409.0
20.1,5.1,3,1.2,2409.0
271.7,54.4,32,12.8,25696.0
85.9,23.8,14,5.6,11242.0
77.3,20.4,12,4.8,9636.0
700.5,178.5,105,42.0,84315.0
2074.2,598.4,352,140.8,282656.0
1902.7,598.4,352,140.8,282656.0
61.7,17.0,10,4.0,8030.0
602.9,178.5,105,42.0,84315.0
256.4,54.4,32,12.8,25696.0
419.0,54.4,32,12.8,25696.0
432.9,54.4,32,12.8,25696.0
1168.5,178.5,105,42.0,84315.0
419.2,54.4,32,12.8,25696.0
419.3,54.4,32,12.8,25696.0
636.3,178.5,105,42.0,84315.0
321.2,54.4,32,12.8,25696.0
190.6,66.3,39,15.6,31317.0
720.6,178.5,105,42.0,84315.0
791.2,178.5,105,42.0,84315.0
435.6,54.4,32,12.8,25696.0
199.7,54.4,32,12.8,25696.0
201.4,54.4,32,12.8,25696.0
362.8,54.4,32,12.8,25696.0
124.4,34.0,20,8.0,16060.0
28.1,6.8,4,1.6,3212.0
209.1,54.4,32,12.8,25696.0
209.3,54.4,32,12.8,25696.0
210.7,54.4,32,12.8,25696.0
214.3,54.4,32,12.8,25696.0
215.9,54.4,32,12.8,25696.0
210.0,54.4,32,12.8,25696.0
204.3,54.4,32,12.8,25696.0
204.3,54.4,32,12.8,25696.0
204.3,54.4,32,12.8,25696.0
204.2,54.4,32,12.8,25696.0
204.2,54.4,32,12.8,25696.0
204.3,54.4,32,12.8,25696.0
199.7,54.4,32,12.8,25696.0
209.0,54.4,32,12.8,25696.0
179.6,49.3,29,11.6,23287.0
168.3,45.9,27,10.8,21681.0
146.6,40.8,24,9.6,19272.0
126.7,34.0,20,8.0,16060.0
219.2,54.4,32,12.8,25696.0
245.4,54.4,32,12.8,25696.0
571.4,178.5,105,42.0,84315.0
748.2,54.4,32,12.8,25696.0
131.5,35.7,21,8.4,16863.0
205.8,54.4,32,12.8,25696.0
83.5,22.1,13,5.2,10439.0
127.7,35.7,21,8.4,16863.0
663.3,265.2,156,62.4,125268.0
754.3,300.9,177,70.8,142131.0
966.8,385.9,227,90.8,182281.0
358.9,142.8,84,33.6,67452.0
100.5,27.2,16,6.4,12848.0
408.0,163.2,96,38.4,77088.0
691.3,275.4,162,64.8,130086.0
2860.1,598.4,352,140.8,282656.0
3429.6,598.4,352,140.8,282656.0
48.6,13.6,8,3.2,6424.0
2917.0,598.4,352,140.8,282656.0
98.4,27.2,16,6.4,12848.0
958.6,178.5,105,42.0,84315.0
800.1,178.5,105,42.0,84315.0
729.5,178.5,105,42.0,84315.0
863.3,178.5,105,42.0,84315.0
477.4,166.6,98,39.2,78694.0
700.2,178.5,105,42.0,84315.0
1012.4,178.5,105,42.0,84315.0
399.7,139.4,82,32.8,65846.0
190.1,52.7,31,12.4,24893.0
224.3,88.4,52,20.8,41756.0
91.2,35.7,21,8.4,16863.0
187.5,74.8,44,17.6,35332.0
87.8,34.0,20,8.0,16060.0
127.3,34.0,20,8.0,16060.0
92.9,25.5,15,6.0,12045.0
92.6,25.5,15,6.0,12045.0
45.8,11.9,7,2.8,5621.0
44.1,11.9,7,2.8,5621.0
36.5,10.2,6,2.4,4818.0
30.4,8.5,5,2.0,4015.0
34.4,8.5,5,2.0,4015.0
52.0,13.6,8,3.2,6424.0
214.9,54.4,32,12.8,25696.0
184.9,51.0,30,12.0,24090.0
168.7,45.9,27,10.8,21681.0
164.0,45.9,27,10.8,21681.0
145.8,40.8,24,9.6,19272.0
190.4,52.7,31,12.4,24893.0
134.2,37.4,22,8.8,17666.0
130.5,35.7,21,8.4,16863.0
195.1,54.4,32,12.8,25696.0
119.4,32.3,19,7.6,15257.0
126.0,34.0,20,8.0,16060.0
186.1,51.0,30,12.0,24090.0
185.3,51.0,30,12.0,24090.0
269.0,54.4,32,12.8,25696.0
345.8,54.4,32,12.8,25696.0
467.3,163.2,96,38.4,77088.0
100.4,27.2,16,6.4,12848.0
103.2,27.2,16,6.4,12848.0
201.6,54.4,32,12.8,25696.0
100.8,27.2,16,6.4,12848.0
78.4,20.4,12,4.8,9636.0
124.4,34.0,20,8.0,16060.0
142.0,39.1,23,9.2,18469.0
131.8,35.7,21,8.4,16863.0
116.1,32.3,19,7.6,15257.0
133.6,37.4,22,8.8,17666.0
256.6,54.4,32,12.8,25696.0
351.0,54.4,32,12.8,25696.0
1019.2,178.5,105,42.0,84315.0
780.0,178.5,105,42.0,84315.0
216.4,54.4,32,12.8,25696.0
483.4,168.3,99,39.6,79497.0
387.4,54.4,32,12.8,25696.0
269.7,54.4,32,12.8,25696.0
272.1,54.4,32,12.8,25696.0
440.1,54.4,32,12.8,25696.0
75.6,20.4,12,4.8,9636.0
423.4,54.4,32,12.8,25696.0
244.4,54.4,32,12.8,25696.0
190.1,52.7,31,12.4,24893.0
149.2,40.8,24,9.6,19272.0
244.8,54.4,32,12.8,25696.0
791.2,178.5,105,42.0,84315.0
124.8,34.0,20,8.0,16060.0
137.7,37.4,22,8.8,17666.0
125.0,34.0,20,8.0,16060.0
150.9,40.8,24,9.6,19272.0
284.1,54.4,32,12.8,25696.0
139.0,37.4,22,8.8,17666.0
332.5,54.4,32,12.8,25696.0
110.7,30.6,18,7.2,14454.0
264.2,54.4,32,12.8,25696.0
401.0,54.4,32,12.8,25696.0
167.5,45.9,27,10.8,21681.0
167.5,45.9,27,10.8,21681.0
190.2,52.7,31,12.4,24893.0
938.2,178.5,105,42.0,84315.0
486.2,170.0,100,40.0,80300.0
381.9,54.4,32,12.8,25696.0
266.3,54.4,32,12.8,25696.0
429.2,54.4,32,12.8,25696.0
122.5,34.0,20,8.0,16060.0
122.5,34.0,20,8.0,16060.0
25.2,6.8,4,1.6,3212.0
421.3,54.4,32,12.8,25696.0
239.9,54.4,32,12.8,25696.0
118.6,32.3,19,7.6,15257.0
395.4,54.4,32,12.8,25696.0
125.5,34.0,20,8.0,16060.0
125.5,34.0,20,8.0,16060.0
125.5,34.0,20,8.0,16060.0
66.1,17.0,10,4.0,8030.0
66.1,17.0,10,4.0,8030.0
66.2,17.0,10,4.0,8030.0
66.1,17.0,10,4.0,8030.0
66.1,17.0,10,4.0,8030.0
66.0,17.0,10,4.0,8030.0
66.1,17.0,10,4.0,8030.0
66.1,17.0,10,4.0,8030.0
66.2,17.0,10,4.0,8030.0
132.3,35.7,21,8.4,16863.0
142.5,39.1,23,9.2,18469.0
79.7,22.1,13,5.2,10439.0
99.8,27.2,16,6.4,12848.0
86.7,23.8,14,5.6,11242.0
115.6,32.3,19,7.6,15257.0
118.3,32.3,19,7.6,15257.0
399.7,54.4,32,12.8,25696.0
238.9,54.4,32,12.8,25696.0
399.6,54.4,32,12.8,25696.0
265.5,54.4,32,12.8,25696.0
273.6,54.4,32,12.8,25696.0
315.2,54.4,32,12.8,25696.0
93.3,25.5,15,6.0,12045.0
192.5,52.7,31,12.4,24893.0
180.9,49.3,29,11.6,23287.0
84.5,22.1,13,5.2,10439.0
84.2,22.1,13,5.2,10439.0
84.4,22.1,13,5.2,10439.0
84.4,22.1,13,5.2,10439.0
84.4,22.1,13,5.2,10439.0
84.4,22.1,13,5.2,10439.0
84.2,22.1,13,5.2,10439.0
84.5,22.1,13,5.2,10439.0
84.2,22.1,13,5.2,10439.0
745.7,178.5,105,42.0,84315.0
653.4,178.5,105,42.0,84315.0
319.9,54.4,32,12.8,25696.0
750.8,178.5,105,42.0,84315.0
614.4,178.5,105,42.0,84315.0
574.4,178.5,105,42.0,84315.0
274.3,54.4,32,12.8,25696.0
460.6,159.8,94,37.6,75482.0
490.8,171.7,101,40.4,81103.0
834.2,178.5,105,42.0,84315.0
636.7,178.5,105,42.0,84315.0
1062.4,178.5,105,42.0,84315.0
240.1,54.4,32,12.8,25696.0
59.4,15.3,9,3.6,7227.0
59.8,15.3,9,3.6,7227.0
207.3,54.4,32,12.8,25696.0
767.1,178.5,105,42.0,84315.0
379.5,54.4,32,12.8,25696.0
200.4,54.4,32,12.8,25696.0
574.4,178.5,105,42.0,84315.0
480.7,166.6,98,39.2,78694.0
365.0,54.4,32,12.8,25696.0
197.6,54.4,32,12.8,25696.0
81.9,22.1,13,5.2,10439.0
188.0,51.0,30,12.0,24090.0
187.1,74.8,44,17.6,35332.0
650.0,178.5,105,42.0,84315.0
154.3,42.5,25,10.0,20075.0
117.1,32.3,19,7.6,15257.0
253.8,54.4,32,12.8,25696.0
143.6,39.1,23,9.2,18469.0
516.4,178.5,105,42.0,84315.0
134.4,37.4,22,8.8,17666.0
178.8,49.3,29,11.6,23287.0
123.3,34.0,20,8.0,16060.0
126.7,34.0,20,8.0,16060.0
479.1,166.6,98,39.2,78694.0
357.5,54.4,32,12.8,25696.0
436.6,54.4,32,12.8,25696.0
178.2,49.3,29,11.6,23287.0
121.1,32.3,19,7.6,15257.0
278.2,54.4,32,12.8,25696.0
157.5,42.5,25,10.0,20075.0
574.5,178.5,105,42.0,84315.0
138.1,37.4,22,8.8,17666.0
211.1,54.4,32,12.8,25696.0
405.4,54.4,32,12.8,25696.0
451.7,156.4,92,36.8,73876.0
416.7,54.4,32,12.8,25696.0
185.3,51.0,30,12.0,24090.0
112.2,30.6,18,7.2,14454.0
714.5,178.5,105,42.0,84315.0
189.2,52.7,31,12.4,24893.0
172.6,47.6,28,11.2,22484.0
143.0,39.1,23,9.2,18469.0
129.7,35.7,21,8.4,16863.0
156.1,42.5,25,10.0,20075.0
155.5,42.5,25,10.0,20075.0
86.8,23.8,14,5.6,11242.0
87.0,23.8,14,5.6,11242.0
219.6,54.4,32,12.8,25696.0
344.0,54.4,32,12.8,25696.0
82.4,22.1,13,5.2,10439.0
159.7,44.2,26,10.4,20878.0
175.4,47.6,28,11.2,22484.0
183.4,51.0,30,12.0,24090.0
352.7,54.4,32,12.8,25696.0
640.4,178.5,105,42.0,84315.0
548.3,178.5,105,42.0,84315.0
400.6,54.4,32,12.8,25696.0
130.3,35.7,21,8.4,16863.0
428.5,54.4,32,12.8,25696.0
428.8,54.4,32,12.8,25696.0
428.5,54.4,32,12.8,25696.0
394.5,54.4,32,12.8,25696.0
2130.8,598.4,352,140.8,282656.0
264.0,54.4,32,12.8,25696.0
420.2,54.4,32,12.8,25696.0
635.9,178.5,105,42.0,84315.0
132.2,35.7,21,8.4,16863.0
238.2,54.4,32,12.8,25696.0
102.3,27.2,16,6.4,12848.0
232.3,54.4,32,12.8,25696.0
125.2,34.0,20,8.0,16060.0
120.7,32.3,19,7.6,15257.0
132.7,35.7,21,8.4,16863.0
76.5,20.4,12,4.8,9636.0
90.8,23.8,14,5.6,11242.0
23.8,5.1,3,1.2,2409.0
55.5,15.3,9,3.6,7227.0
31.3,8.5,5,2.0,4015.0
53.8,13.6,8,3.2,6424.0
72.9,20.4,12,4.8,9636.0
164.5,45.9,27,10.8,21681.0
150.0,40.8,24,9.6,19272.0
390.7,54.4,32,12.8,25696.0
453.8,158.1,93,37.2,74679.0
128.9,35.7,21,8.4,16863.0
85.7,23.8,14,5.6,11242.0
81.7,22.1,13,5.2,10439.0
217.9,54.4,32,12.8,25696.0
62.0,17.0,10,4.0,8030.0
62.0,17.0,10,4.0,8030.0
62.0,17.0,10,4.0,8030.0
66.9,18.7,11,4.4,8833.0
67.0,18.7,11,4.4,8833.0
66.9,18.7,11,4.4,8833.0
183.2,51.0,30,12.0,24090.0
111.8,30.6,18,7.2,14454.0
111.8,30.6,18,7.2,14454.0
155.7,42.5,25,10.0,20075.0
155.5,42.5,25,10.0,20075.0
79.7,22.1,13,5.2,10439.0
184.6,51.0,30,12.0,24090.0
416.7,54.4,32,12.8,25696.0
135.2,37.4,22,8.8,17666.0
113.9,30.6,18,7.2,14454.0
107.3,28.9,17,6.8,13651.0
112.2,30.6,18,7.2,14454.0
109.0,28.9,17,6.8,13651.0
109.0,28.9,17,6.8,13651.0
272.2,54.4,32,12.8,25696.0
203.9,54.4,32,12.8,25696.0
168.3,45.9,27,10.8,21681.0
176.5,49.3,29,11.6,23287.0
135.5,37.4,22,8.8,17666.0
140.7,39.1,23,9.2,18469.0
28.9,6.8,4,1.6,3212.0
113.2,30.6,18,7.2,14454.0
102.2,27.2,16,6.4,12848.0
78.2,20.4,12,4.8,9636.0
78.3,20.4,12,4.8,9636.0
116.5,32.3,19,7.6,15257.0
93.6,25.5,15,6.0,12045.0
96.7,25.5,15,6.0,12045.0
103.1,27.2,16,6.4,12848.0
97.5,27.2,16,6.4,12848.0
289.1,54.4,32,12.8,25696.0
90.6,23.8,14,5.6,11242.0
280.2,54.4,32,12.8,25696.0
155.4,42.5,25,10.0,20075.0
103.7,28.9,17,6.8,13651.0
155.2,42.5,25,10.0,20075.0
143.4,39.1,23,9.2,18469.0
223.0,54.4,32,12.8,25696.0
207.8,54.4,32,12.8,25696.0
206.9,54.4,32,12.8,25696.0
145.0,39.1,23,9.2,18469.0
145.0,39.1,23,9.2,18469.0
277.6,54.4,32,12.8,25696.0
138.2,37.4,22,8.8,17666.0
98.4,27.2,16,6.4,12848.0
154.8,42.5,25,10.0,20075.0
154.0,42.5,25,10.0,20075.0
173.1,47.6,28,11.2,22484.0
100.1,27.2,16,6.4,12848.0
135.9,37.4,22,8.8,17666.0
354.2,54.4,32,12.8,25696.0
349.4,54.4,32,12.8,25696.0
112.8,30.6,18,7.2,14454.0
150.0,40.8,24,9.6,19272.0
338.7,54.4,32,12.8,25696.0
184.1,51.0,30,12.0,24090.0
85.0,23.8,14,5.6,11242.0
159.3,44.2,26,10.4,20878.0
103.0,27.2,16,6.4,12848.0
67.2,18.7,11,4.4,8833.0
107.4,28.9,17,6.8,13651.0
662.3,178.5,105,42.0,84315.0
159.8,44.2,26,10.4,20878.0
82.9,22.1,13,5.2,10439.0
123.1,34.0,20,8.0,16060.0
154.1,42.5,25,10.0,20075.0
139.0,37.4,22,8.8,17666.0
126.3,34.0,20,8.0,16060.0
112.2,30.6,18,7.2,14454.0
181.9,49.3,29,11.6,23287.0
681.5,178.5,105,42.0,84315.0
588.3,178.5,105,42.0,84315.0
337.9,54.4,32,12.8,25696.0
617.7,178.5,105,42.0,84315.0
793.7,178.5,105,42.0,84315.0
107.3,28.9,17,6.8,13651.0
85.7,23.8,14,5.6,11242.0
85.7,23.8,14,5.6,11242.0
85.7,23.8,14,5.6,11242.0
85.7,23.8,14,5.6,11242.0
539.7,178.5,105,42.0,84315.0
548.7,178.5,105,42.0,84315.0
227.6,54.4,32,12.8,25696.0
117.4,32.3,19,7.6,15257.0
93.7,25.5,15,6.0,12045.0
372.4,54.4,32,12.8,25696.0
423.3,54.4,32,12.8,25696.0
107.6,28.9,17,6.8,13651.0
80.9,22.1,13,5.2,10439.0
152.8,42.5,25,10.0,20075.0
100.7,27.2,16,6.4,12848.0
217.7,54.4,32,12.8,25696.0
426.1,54.4,32,12.8,25696.0
603.7,178.5,105,42.0,84315.0
109.0,28.9,17,6.8,13651.0
414.1,54.4,32,12.8,25696.0
321.4,54.4,32,12.8,25696.0
368.3,54.4,32,12.8,25696.0
158.1,44.2,26,10.4,20878.0
277.4,54.4,32,12.8,25696.0
313.3,54.4,32,12.8,25696.0
507.3,176.8,104,41.6,83512.0
1418.5,178.5,105,42.0,84315.0
270.0,54.4,32,12.8,25696.0
316.3,54.4,32,12.8,25696.0
68.1,18.7,11,4.4,8833.0
107.5,28.9,17,6.8,13651.0
154.2,42.5,25,10.0,20075.0
314.2,54.4,32,12.8,25696.0
355.8,54.4,32,12.8,25696.0
209.7,54.4,32,12.8,25696.0
229.4,54.4,32,12.8,25696.0
314.0,54.4,32,12.8,25696.0
851.5,178.5,105,42.0,84315.0
261.9,54.4,32,12.8,25696.0
489.4,170.0,100,40.0,80300.0
927.0,178.5,105,42.0,84315.0
1960.3,598.4,352,140.8,282656.0
479.9,166.6,98,39.2,78694.0
150.3,40.8,24,9.6,19272.0
968.0,178.5,105,42.0,84315.0
333.0,54.4,32,12.8,25696.0
2320.8,598.4,352,140.8,282656.0
707.3,178.5,105,42.0,84315.0
238.2,54.4,32,12.8,25696.0
115.6,32.3,19,7.6,15257.0
473.6,164.9,97,38.8,77891.0
244.6,54.4,32,12.8,25696.0
422.9,54.4,32,12.8,25696.0
491.4,171.7,101,40.4,81103.0
160.7,44.2,26,10.4,20878.0
40.6,10.2,6,2.4,4818.0
27.4,6.8,4,1.6,3212.0
139.8,39.1,23,9.2,18469.0
140.7,39.1,23,9.2,18469.0
152.0,42.5,25,10.0,20075.0
57.5,15.3,9,3.6,7227.0
208.5,54.4,32,12.8,25696.0
298.2,54.4,32,12.8,25696.0
89.3,23.8,14,5.6,11242.0
263.6,54.4,32,12.8,25696.0
144.7,39.1,23,9.2,18469.0
232.0,54.4,32,12.8,25696.0
232.0,54.4,32,12.8,25696.0
121.9,34.0,20,8.0,16060.0
259.3,54.4,32,12.8,25696.0
556.7,178.5,105,42.0,84315.0
211.9,54.4,32,12.8,25696.0
202.0,54.4,32,12.8,25696.0
531.5,178.5,105,42.0,84315.0
91.6,25.5,15,6.0,12045.0
171.6,47.6,28,11.2,22484.0
955.2,178.5,105,42.0,84315.0
285.5,54.4,32,12.8,25696.0
173.8,47.6,28,11.2,22484.0
60.9,17.0,10,4.0,8030.0
86.9,23.8,14,5.6,11242.0
89.3,23.8,14,5.6,11242.0
88.1,23.8,14,5.6,11242.0
86.4,23.8,14,5.6,11242.0
86.6,23.8,14,5.6,11242.0
177.1,49.3,29,11.6,23287.0
179.1,49.3,29,11.6,23287.0
95.4,25.5,15,6.0,12045.0
92.2,25.5,15,6.0,12045.0
618.6,178.5,105,42.0,84315.0
264.3,54.4,32,12.8,25696.0
550.8,178.5,105,42.0,84315.0
619.3,178.5,105,42.0,84315.0
116.0,32.3,19,7.6,15257.0
110.6,30.6,18,7.2,14454.0
671.9,178.5,105,42.0,84315.0
144.9,39.1,23,9.2,18469.0
141.4,39.1,23,9.2,18469.0
107.4,28.9,17,6.8,13651.0
149.8,40.8,24,9.6,19272.0
247.7,54.4,32,12.8,25696.0
151.6,40.8,24,9.6,19272.0
207.7,54.4,32,12.8,25696.0
43.5,11.9,7,2.8,5621.0
214.4,54.4,32,12.8,25696.0
77.6,20.4,12,4.8,9636.0
256.6,54.4,32,12.8,25696.0
222.0,54.4,32,12.8,25696.0
340.8,54.4,32,12.8,25696.0
806.9,178.5,105,42.0,84315.0
120.5,32.3,19,7.6,15257.0
162.2,44.2,26,10.4,20878.0
153.5,42.5,25,10.0,20075.0
194.8,54.4,32,12.8,25696.0
152.6,42.5,25,10.0,20075.0
177.6,49.3,29,11.6,23287.0
475.8,164.9,97,38.8,77891.0
173.4,47.6,28,11.2,22484.0
136.2,37.4,22,8.8,17666.0
119.8,32.3,19,7.6,15257.0
123.1,34.0,20,8.0,16060.0
87.4,23.8,14,5.6,11242.0
86.0,23.8,14,5.6,11242.0
127.5,35.7,21,8.4,16863.0
660.3,178.5,105,42.0,84315.0
421.9,54.4,32,12.8,25696.0
248.9,54.4,32,12.8,25696.0
108.0,28.9,17,6.8,13651.0
160.5,44.2,26,10.4,20878.0
196.5,54.4,32,12.8,25696.0
123.2,34.0,20,8.0,16060.0
317.7,54.4,32,12.8,25696.0
342.3,54.4,32,12.8,25696.0
178.1,49.3,29,11.6,23287.0
36.8,10.2,6,2.4,4818.0
122.2,34.0,20,8.0,16060.0
186.1,51.0,30,12.0,24090.0
419.7,54.4,32,12.8,25696.0
228.5,54.4,32,12.8,25696.0
310.1,54.4,32,12.8,25696.0
70.7,18.7,11,4.4,8833.0
222.5,54.4,32,12.8,25696.0
509.6,176.8,104,41.6,83512.0
633.9,178.5,105,42.0,84315.0
434.1,54.4,32,12.8,25696.0
227.7,54.4,32,12.8,25696.0
479.9,166.6,98,39.2,78694.0
259.4,54.4,32,12.8,25696.0
127.9,35.7,21,8.4,16863.0
139.3,37.4,22,8.8,17666.0
172.6,47.6,28,11.2,22484.0
253.8,54.4,32,12.8,25696.0
174.4,47.6,28,11.2,22484.0
177.3,49.3,29,11.6,23287.0
284.7,54.4,32,12.8,25696.0
209.9,54.4,32,12.8,25696.0
196.4,78.2,46,18.4,36938.0
